fixture_id,match_datetime_utc,league_code,home_team,away_team,home_pred_created_at,away_pred_created_at,home_rule_layer_applied,away_rule_layer_applied,home_rule_layer_rules,away_rule_layer_rules,home_key_absent,away_key_absent,home_upcoming_tier,away_upcoming_tier,points_gap,position_gap,rest_delta,home_congestion_games_14d,away_congestion_games_14d,home_playing_top4,away_playing_top4,injury_impact,home_xg_lost,away_xg_lost,odds_model_gap_home,odds_model_gap_away
22023,2026-02-27 13:00:00+00:00,RO1,FC Hermannstadt,FC Botosani,2026-02-27 12:53:36.899708+00:00,2026-02-27 12:53:36.899708+00:00,False,False,[],[],0,0,0,0,-25,-6,0.6285727326435842,,,0,0,0.0,0.0,0.0,-0.07152362859344535,0.03670886328052264
22183,2026-02-27 13:30:00+00:00,RU1,Zenit,Baltika,2026-02-27 12:53:36.899708+00:00,2026-02-27 12:53:36.899708+00:00,False,False,[],['top4_pressure'],0,0,0,0,4,3,-0.18497244612080088,,,0,1,0.0,0.0,0.0,,
19886,2026-02-27 14:00:00+00:00,T1,Trabzonspor,Karagumruk,2026-02-27 12:53:36.899708+00:00,2026-02-27 12:53:36.899708+00:00,False,True,[],['top4_pressure'],0,0,0,0,35,15,-0.42462258266158415,,,0,1,0.0,0.0,0.0,0.05582176418582374,-0.038185637565323505
19887,2026-02-27 14:00:00+00:00,T1,Basaksehir,Konyaspor,2026-02-27 12:53:36.899708+00:00,2026-02-27 12:53:36.899708+00:00,False,False,[],[],0,0,0,0,13,8,0.24282063464641457,,,0,0,0.0,0.0,0.0,-0.011295408827474596,-0.0015771077490310814
21690,2026-02-27 16:00:00+00:00,PL1,Cracovia,Piast Gliwice,2026-02-27 12:53:36.899708+00:00,2026-02-27 12:53:36.899708+00:00,False,False,[],[],0,0,0,0,7,8,0.534349211510456,,,0,0,0.0,0.0,0.0,0.03183815277997176,-0.0630972262220954
22024,2026-02-27 16:00:00+00:00,RO1,U. Cluj,Otelul,2026-02-27 12:53:36.899708+00:00,2026-02-27 12:53:36.899708+00:00,False,False,[],[],0,0,0,0,7,6,0.09184910949589309,,,0,1,0.0,0.0,0.0,0.01785081629899865,-0.04189584779983091
4152,2026-02-27 16:30:00+00:00,D2,Dusseldorf,Bochum,2026-02-27 12:53:36.899708+00:00,2026-02-27 12:53:36.899708+00:00,False,False,['table_adjacent_volatility'],[],0,0,0,0,-4,-2,0.2958263991234569,,,0,0,0.0,0.0,0.0,0.03712044232022149,-0.05309392979552191
4153,2026-02-27 16:30:00+00:00,D2,SG Dynamo Dresden,Darmstadt,2026-02-27 12:53:36.899708+00:00,2026-02-27 12:53:36.899708+00:00,False,False,['top4_pressure'],[],0,0,0,0,-23,-16,0.5046748375541732,,,1,0,0.0,0.0,0.0,0.005036896987257233,-0.015448278595863008
4891,2026-02-27 17:00:00+00:00,I2,Monza,Entella,2026-02-27 12:53:36.899708+00:00,2026-02-27 12:53:36.899708+00:00,False,True,[],['top4_pressure'],0,0,0,0,29,15,-0.02814895624204805,,,0,1,0.0,0.0,0.0,0.01441105892292771,-0.03463650114573916
22592,2026-02-27 17:30:00+00:00,CH2,Bellinzona,Yverdon,2026-02-27 12:53:37.124553+00:00,2026-02-27 12:53:37.124553+00:00,True,False,['top4_pressure'],[],0,0,0,0,-29,-7,-0.0835422912483903,,,1,0,0.0,0.0,0.0,-0.11012061421539121,0.09871029334732839
12129,2026-02-27 18:00:00+00:00,F2,Grenoble,Boulogne,2026-02-27 12:54:25.587348+00:00,2026-02-27 12:54:25.587348+00:00,False,True,[],['table_adjacent_volatility'],0,0,0,0,2,2,0.008792398132552393,,,0,0,0.0,0.0,0.0,-0.002944815192632788,-0.0302348417451207
12130,2026-02-27 18:00:00+00:00,F2,Laval,Nancy,2026-02-27 12:54:25.587348+00:00,2026-02-27 12:54:25.587348+00:00,False,False,[],[],0,0,0,0,-8,-4,-1.7147528671576442,,,0,0,0.0,0.0,0.0,0.007384073801406432,-0.04525280175578489
12131,2026-02-27 18:00:00+00:00,F2,Montpellier,Reims,2026-02-27 12:54:25.587348+00:00,2026-02-27 12:54:25.587348+00:00,False,False,['top4_pressure'],[],0,0,0,0,-7,-8,-0.25109450617685347,,,1,0,0.0,0.0,0.0,0.038747895543804034,-0.05816631944383144
12132,2026-02-27 18:00:00+00:00,F2,Clermont,Dunkerque,2026-02-27 12:54:25.587348+00:00,2026-02-27 12:54:25.587348+00:00,False,False,[],[],0,0,0,0,-13,-9,0.2134816988238697,,,0,0,0.0,0.0,0.0,-0.06065819554053464,0.009169728714469805
12133,2026-02-27 18:00:00+00:00,F2,Bastia,Annecy,2026-02-27 12:54:25.587348+00:00,2026-02-27 12:54:25.587348+00:00,False,False,[],[],0,0,0,0,-18,-11,-1.8280727396233836,,,0,0,0.0,0.0,0.0,0.12066906188019938,-0.17893249931545485
19051,2026-02-27 18:00:00+00:00,N1,Telstar,NAC Breda,2026-02-27 12:55:09.865075+00:00,2026-02-27 12:55:09.865075+00:00,False,False,['table_adjacent_volatility'],[],0,0,0,0,-4,-1,-0.23050959628013334,,,0,0,0.0,0.0,0.0,0.13066066768364953,-0.16924915919593397
22593,2026-02-27 18:15:00+00:00,CH2,Aarau,Rapperswil-Jona,2026-02-27 12:53:37.124553+00:00,2026-02-27 12:53:37.124553+00:00,False,True,[],['top4_pressure'],0,0,0,0,22,4,-0.15843739198273354,,,0,1,0.0,0.0,0.0,0.0009781379177682403,-0.007157354669765609
3845,2026-02-27 18:30:00+00:00,D1,Augsburg,FC Koln,2026-02-27 12:55:54.180562+00:00,2026-02-27 12:55:54.180562+00:00,True,False,['key_absent'],"['key_absent', 'table_adjacent_volatility']",1,1,0,0,4,2,-0.0984684884067688,,,0,0,-0.6325833333333333,0.1005,0.7330833333333333,-0.07775044813060622,0.04821644922627166
5527,2026-02-27 18:30:00+00:00,SP2,Albacete,Almeria,2026-02-27 12:56:42.428544+00:00,2026-02-27 12:56:42.428544+00:00,True,False,['top4_pressure'],[],0,0,0,0,-14,-11,-0.20551215797729938,,,1,0,0.0,0.0,0.0,-0.01184455298073811,0.005878092920080347
21691,2026-02-27 18:30:00+00:00,PL1,Arka Gdynia,Lechia Gdansk,2026-02-27 12:53:36.899708+00:00,2026-02-27 12:53:36.899708+00:00,False,False,[],[],0,0,0,0,-7,-7,1.3447358857823861,,,0,0,0.0,0.0,0.0,0.04129538476135247,-0.10142240081279796
4511,2026-02-27 18:45:00+00:00,I1,Parma,Cagliari,2026-02-27 12:57:26.689290+00:00,2026-02-27 12:57:26.689290+00:00,False,True,['key_absent'],"['key_absent', 'table_adjacent_volatility']",1,1,0,0,3,2,0.007252017242692865,,,0,0,-0.6316571428571429,0.412,1.0436571428571428,0.01530475694962069,-0.04949113358266344
5899,2026-02-27 18:45:00+00:00,F1,Strasbourg,Lens,2026-02-27 12:53:36.899708+00:00,2026-02-27 12:53:36.899708+00:00,False,True,['top4_pressure'],['key_absent'],0,1,0,0,-18,-6,0.08893575616320248,,,1,0,-0.5340619047619046,0.6328333333333334,1.166895238095238,0.05138181882370446,-0.06284271378463796
19341,2026-02-27 18:45:00+00:00,B1,St. Liege,RAAL La Louviere,2026-02-27 12:53:36.899708+00:00,2026-02-27 12:53:36.899708+00:00,False,False,[],[],0,0,0,0,6,5,0.10944471093778674,,,0,0,0.0,0.0,0.0,-0.05070990028621486,0.0030907910462845134
19580,2026-02-27 18:45:00+00:00,P1,FC Porto,Arouca,2026-02-27 12:53:36.899708+00:00,2026-02-27 12:53:36.899708+00:00,False,True,[],['top4_pressure'],0,0,0,0,36,9,0.11042437116151316,,,0,1,0.0,0.0,0.0,0.17378787972560694,-0.08784763042553229
4892,2026-02-27 19:00:00+00:00,I2,Sampdoria,Bari,2026-02-27 12:53:36.899708+00:00,2026-02-27 12:53:36.899708+00:00,False,False,[],[],0,0,0,0,7,5,0.26597201732623166,,,0,0,0.0,0.0,0.0,0.06256387133007574,-0.07654380394052998
5129,2026-02-27 19:00:00+00:00,SP1,Levante,Alaves,2026-02-27 12:53:36.899708+00:00,2026-02-27 12:53:36.899708+00:00,False,False,"['key_absent', 'congestion', 'table_adjacent_volatility']",[],1,0,0,0,-3,-2,-0.8170905884594672,,,0,0,0.3334,0.3334,0.0,0.006350628527075852,-0.05206399637660869
21024,2026-02-27 19:00:00+00:00,JP1,Yokohama F. Marinos,Verdy,2026-02-27 12:53:36.899708+00:00,2026-02-27 12:53:36.899708+00:00,False,False,[],[],0,0,0,0,-7,-12,0.9242424242424239,,,0,0,0.0,0.0,0.0,-0.1168530601293839,0.07625889463513655
2202,2026-02-27 19:45:00+00:00,E3,Harrogate,Cheltenham,2026-02-27 12:53:36.899708+00:00,2026-02-27 12:53:36.899708+00:00,True,False,['congestion'],['congestion'],0,0,0,0,-9,-5,-0.09503113918685724,,,0,0,0.0,0.0,0.0,-0.12442389365375678,0.08450806737546213
20824,2026-02-27 19:45:00+00:00,IE1,Drogheda,Shelbourne,2026-02-27 12:53:36.899708+00:00,2026-02-27 12:53:36.899708+00:00,False,False,[],[],0,0,0,0,5,6,-6.991477272727273,,,0,1,0.0,0.0,0.0,0.07984685643270051,-0.12117737264168121
20825,2026-02-27 19:45:00+00:00,IE1,St. Patricks,Dundalk,2026-02-27 12:53:36.899708+00:00,2026-02-27 12:53:36.899708+00:00,False,False,[],[],0,0,0,0,-2,-5,5.96875,,,0,0,0.0,0.0,0.0,0.04784036762786392,-0.04908749579546437
20826,2026-02-27 19:45:00+00:00,IE1,Galway,Sligo Rovers,2026-02-27 12:53:36.899708+00:00,2026-02-27 12:53:36.899708+00:00,False,False,[],[],0,0,0,0,0,1,6.372159090909092,,,0,0,0.0,0.0,0.0,-0.10821386226204488,0.03042329415784481
20827,2026-02-27 19:45:00+00:00,IE1,Derry City,Waterford,2026-02-27 12:53:36.899708+00:00,2026-02-27 12:53:36.899708+00:00,False,False,[],[],0,0,0,0,2,3,-0.015151515151515582,,,0,1,0.0,0.0,0.0,-0.020681890778314505,-0.0037580796038631514
597,2026-02-27 20:00:00+00:00,E0,Wolves,Aston Villa,2026-02-27 12:53:36.899708+00:00,2026-02-27 12:53:36.899708+00:00,True,False,"['key_absent', 'top4_pressure']",['key_absent'],1,1,0,0,-41,-17,-1.2834865187616886,,,1,0,-0.3836666666666667,0.371,0.7546666666666667,-0.060052975521854984,0.0467514340038897
1112,2026-02-27 20:00:00+00:00,E1,Bristol City,Watford,2026-02-27 12:53:36.899708+00:00,2026-02-27 12:53:36.899708+00:00,False,False,[],[],0,0,0,0,2,3,0.28292485235345133,,,0,0,0.0,0.0,0.0,0.005589376030922633,0.01575120277533637
20828,2026-02-27 20:00:00+00:00,IE1,Bohemians,Shamrock Rovers,2026-02-27 12:53:36.899708+00:00,2026-02-27 12:53:36.899708+00:00,False,False,[],[],0,0,0,0,3,2,3.1960227272727266,,,1,1,0.0,0.0,0.0,0.09730576046645689,-0.13145645704502323
21025,2026-02-27 20:00:00+00:00,JP1,Urawa Reds,Kashima Antlers,2026-02-27 12:53:36.899708+00:00,2026-02-27 12:53:36.899708+00:00,False,False,[],[],0,0,0,0,0,1,0.0018939393939394478,,,0,0,0.0,0.0,0.0,-0.359524438856908,0.26051482980884305
19581,2026-02-27 20:45:00+00:00,P1,Sporting CP,Estoril,2026-02-27 12:53:36.899708+00:00,2026-02-27 12:53:36.899708+00:00,False,True,[],['top4_pressure'],0,0,0,0,25,6,-0.05644037789623013,,,0,1,0.0,0.0,0.0,0.0600135032116329,-0.01791495915826738
21026,2026-02-27 21:00:00+00:00,JP1,FC Tokyo,Kashiwa Reysol,2026-02-27 12:53:36.899708+00:00,2026-02-27 12:53:36.899708+00:00,False,False,[],[],0,0,0,0,5,12,0.25189393939393945,,,0,0,0.0,0.0,0.0,-0.1918608458502411,0.14423610321580294
21027,2026-02-27 21:00:00+00:00,JP1,Gamba Osaka,Shimizu S-Pulse,2026-02-27 12:53:36.899708+00:00,2026-02-27 12:53:36.899708+00:00,False,False,[],[],0,0,0,0,1,3,1.617424242424243,,,0,0,0.0,0.0,0.0,-0.10950875483614508,0.07796323436836344
21028,2026-02-27 23:00:00+00:00,JP1,V-Varen Nagasaki,Cerezo Osaka,2026-02-27 12:53:36.899708+00:00,2026-02-27 12:53:36.899708+00:00,False,False,[],[],0,0,0,0,-1,-4,-0.6325757575757578,,,0,0,0.0,0.0,0.0,-0.029208952115288844,0.016408391265457678
22184,2026-02-28 06:00:00+00:00,RU1,Orenburg,Akron Togliatti,2026-02-27 12:53:36.899708+00:00,2026-02-27 12:53:36.899708+00:00,False,False,[],[],0,0,0,0,-9,-5,-0.10320319825587276,,,0,0,0.0,0.0,0.0,,
21404,2026-02-28 07:00:00+00:00,MX1,Mazatlan FC,Pachuca,2026-02-27 12:53:36.899708+00:00,2026-02-27 12:53:36.899708+00:00,False,False,[],[],0,0,0,0,-21,-10,-0.3042312178983835,,,0,0,0.0,0.0,0.0,-0.08504011703051206,0.0860385169587965
21405,2026-02-28 07:00:00+00:00,MX1,Queretaro,Santos Laguna,2026-02-27 12:53:36.899708+00:00,2026-02-27 12:53:36.899708+00:00,False,True,[],['table_adjacent_volatility'],0,0,0,0,4,2,-0.1300490327225834,,,0,0,0.0,0.0,0.0,0.11871127336571463,-0.1135380143379208
19888,2026-02-28 07:30:00+00:00,T1,Kasimpasa,Rizespor,2026-02-27 12:53:36.899708+00:00,2026-02-27 12:53:36.899708+00:00,False,False,[],[],0,0,0,0,-4,-5,0.6986931212012903,,,0,0,0.0,0.0,0.0,-0.03691222865523763,0.04463417302417827
22185,2026-02-28 08:30:00+00:00,RU1,Krasnodar,FK Rostov,2026-02-27 12:53:36.899708+00:00,2026-02-27 12:53:36.899708+00:00,False,False,[],['top4_pressure'],0,0,0,0,19,10,0.3424755837543749,,,0,1,0.0,0.0,0.0,,
21406,2026-02-28 09:00:00+00:00,MX1,Juarez,Atlas,2026-02-27 12:53:36.899708+00:00,2026-02-27 12:53:36.899708+00:00,False,True,[],['table_adjacent_volatility'],0,0,0,0,1,1,-0.06736318912347006,,,0,0,0.0,0.0,0.0,0.10437722324291943,-0.11486850290206557
21407,2026-02-28 09:06:00+00:00,MX1,Club Tijuana,UNAM Pumas,2026-02-27 12:53:36.899708+00:00,2026-02-27 12:53:36.899708+00:00,False,True,[],['table_adjacent_volatility'],0,0,0,0,2,1,0.4380363715142792,,,0,0,0.0,0.0,0.0,0.034697672282846315,-0.046417322301818775
19889,2026-02-28 10:00:00+00:00,T1,Kocaelispor,Besiktas,2026-02-27 12:53:36.899708+00:00,2026-02-27 12:53:36.899708+00:00,False,False,['top4_pressure'],[],0,0,0,0,-13,-4,-0.5764931422853872,,,1,0,0.0,0.0,0.0,0.017098336724769292,-0.03236197000106256
4154,2026-02-28 11:00:00+00:00,D2,Kaiserslautern,Paderborn,2026-02-27 12:53:36.899708+00:00,2026-02-27 12:53:36.899708+00:00,False,False,"['top4_pressure', 'table_adjacent_volatility']",[],0,0,0,0,-6,-2,0.013792006939251422,,,1,0,0.0,0.0,0.0,0.03917260720629623,-0.05298549970882499
4155,2026-02-28 11:00:00+00:00,D2,Holstein Kiel,Elversberg,2026-02-27 12:53:36.899708+00:00,2026-02-27 12:53:36.899708+00:00,False,False,['top4_pressure'],[],0,0,0,0,-20,-11,-0.2620941611482799,,,1,0,0.0,0.0,0.0,0.08021342971055162,-0.12396907559372433
4156,2026-02-28 11:00:00+00:00,D2,Arminia Bielefeld,Hannover,2026-02-27 12:53:36.899708+00:00,2026-02-27 12:53:36.899708+00:00,False,False,[],[],0,0,0,0,-15,-6,-0.2788600553236362,,,0,0,0.0,0.0,0.0,-0.03145338648589446,0.026323274407534125
22025,2026-02-28 11:00:00+00:00,RO1,Univ. Craiova,Metaloglobus Bucharest,2026-02-27 12:53:36.899708+00:00,2026-02-27 12:53:36.899708+00:00,False,False,[],[],0,0,0,0,45,15,-0.36926219007388994,,,0,1,0.0,0.0,0.0,0.07965992936267507,-0.03965098348748716
22186,2026-02-28 11:00:00+00:00,RU1,Lokomotiv Moscow,Pari NN,2026-02-27 12:53:36.899708+00:00,2026-02-27 12:53:36.899708+00:00,False,False,[],['top4_pressure'],0,0,0,0,23,11,-0.04011051767274054,,,0,1,0.0,0.0,0.0,,
5130,2026-02-28 12:00:00+00:00,SP1,Rayo Vallecano,Ath Bilbao,2026-02-27 12:53:36.899708+00:00,2026-02-27 12:53:36.899708+00:00,False,True,['key_absent'],['key_absent'],1,1,0,0,-7,-7,1.157350826773138,,,0,0,-1.0109107142857143,0.0,1.0109107142857143,0.0984945888204577,-0.16153042475696466
12134,2026-02-28 12:00:00+00:00,F2,Guingamp,Rodez,2026-02-27 12:54:25.587348+00:00,2026-02-27 12:54:25.587348+00:00,False,False,['table_adjacent_volatility'],[],0,0,0,0,-2,-1,0.4382951819211911,,,0,0,0.0,0.0,0.0,0.042039785891039405,-0.048679314791225364
12135,2026-02-28 12:00:00+00:00,F2,Red Star,Le Mans,2026-02-27 12:54:25.587348+00:00,2026-02-27 12:54:25.587348+00:00,True,False,"['top4_pressure', 'table_adjacent_volatility']",[],0,0,0,0,0,-1,-0.31328709856757087,,,1,0,0.0,0.0,0.0,-0.06328816760830436,0.03504829202662668
598,2026-02-28 12:30:00+00:00,E0,Bournemouth,Sunderland,2026-02-27 12:53:36.899708+00:00,2026-02-27 12:53:36.899708+00:00,True,False,['key_absent'],['key_absent'],1,1,0,0,2,4,-0.20601594283133462,,,0,0,-0.3748722222222222,0.4256666666666667,0.8005388888888889,-0.01062828118946646,0.0005900622606008488
1113,2026-02-28 12:30:00+00:00,E1,Derby,Blackburn,2026-02-27 12:53:36.899708+00:00,2026-02-27 12:53:36.899708+00:00,False,False,[],[],0,0,0,0,10,9,0.40382429971085987,,,0,0,0.0,0.0,0.0,-0.054632332783949356,0.024190180265322964
1114,2026-02-28 12:30:00+00:00,E1,Leicester,Norwich,2026-02-27 12:53:36.899708+00:00,2026-02-27 12:53:36.899708+00:00,False,False,[],[],0,0,0,0,-2,-2,-0.14166513924551882,,,0,0,0.0,0.0,0.0,0.1504994920812012,-0.15131384736646486
1115,2026-02-28 12:30:00+00:00,E1,Portsmouth,Hull,2026-02-27 12:53:36.899708+00:00,2026-02-27 12:53:36.899708+00:00,False,False,[],[],0,0,0,0,-18,-15,-1.1442371762026227,,,0,0,0.0,0.0,0.0,-0.11980766030083717,0.08799055283643567
1649,2026-02-28 12:30:00+00:00,E2,Leyton Orient,Barnsley,2026-02-27 12:53:36.899708+00:00,2026-02-27 12:53:36.899708+00:00,False,True,[],['congestion'],0,0,0,0,-5,-5,1.1340955076768084,,,0,0,0.0,0.0,0.0,0.057819280171630905,-0.06230758642782103
1650,2026-02-28 12:30:00+00:00,E2,Northampton,Peterborough,2026-02-27 12:53:36.899708+00:00,2026-02-27 12:53:36.899708+00:00,True,False,['congestion'],['congestion'],0,0,0,0,-11,-10,0.9981991285103398,,,0,0,0.0,0.0,0.0,-0.04162158681966183,0.03171460688502159
2203,2026-02-28 12:30:00+00:00,E3,Cambridge Utd,MK Dons,2026-02-27 12:53:36.899708+00:00,2026-02-27 12:53:36.899708+00:00,True,False,"['congestion', 'top4_pressure']","['congestion', 'top4_pressure', 'table_adjacent_volatility']",0,0,0,0,2,1,-0.8719058243695637,,,1,1,0.0,0.0,0.0,-0.06924039400792747,0.05460510846050845
2204,2026-02-28 12:30:00+00:00,E3,Shrewsbury,Walsall,2026-02-27 12:53:36.899708+00:00,2026-02-27 12:53:36.899708+00:00,True,False,['congestion'],[],0,0,0,0,-12,-8,0.27106991551736925,,,0,0,0.0,0.0,0.0,-0.06922708402744499,0.041901426127240016
2205,2026-02-28 12:30:00+00:00,E3,Swindon,Bristol Rovers,2026-02-27 12:53:36.899708+00:00,2026-02-27 12:53:36.899708+00:00,False,True,['congestion'],"['congestion', 'top4_pressure']",0,0,0,0,31,16,1.221748862164607,,,0,1,0.0,0.0,0.0,0.07226570978135805,-0.08013312195035899
21692,2026-02-28 12:45:00+00:00,PL1,Pogon Szczecin,Widzew Lodz,2026-02-27 12:53:36.899708+00:00,2026-02-27 12:53:36.899708+00:00,False,False,[],[],0,0,0,0,4,5,-0.1879177407882473,,,0,0,0.0,0.0,0.0,-0.18767589147307834,0.14344600186535741
4512,2026-02-28 13:00:00+00:00,I1,Como,Lecce,2026-02-27 12:57:26.689290+00:00,2026-02-27 12:57:26.689290+00:00,False,True,"['key_absent', 'congestion']",['key_absent'],1,1,0,0,21,10,-0.29541649597285335,,,0,0,-0.6181214285714286,0.19142857142857142,0.80955,0.032691483526561704,-0.04546687090985305
4893,2026-02-28 13:00:00+00:00,I2,Sudtirol,Venezia,2026-02-27 12:53:36.899708+00:00,2026-02-27 12:53:36.899708+00:00,True,False,['top4_pressure'],[],0,0,0,0,-23,-8,0.06019816440024606,,,1,0,0.0,0.0,0.0,-0.09852965868761546,0.02786903155520526
4894,2026-02-28 13:00:00+00:00,I2,Empoli,Cesena,2026-02-27 12:53:36.899708+00:00,2026-02-27 12:53:36.899708+00:00,False,False,[],[],0,0,0,0,-7,-2,-0.05020081211395144,,,0,0,0.0,0.0,0.0,-0.03662273994774773,-0.006105483329708283
4895,2026-02-28 13:00:00+00:00,I2,Modena,Padova,2026-02-27 12:53:36.899708+00:00,2026-02-27 12:53:36.899708+00:00,False,False,[],[],0,0,0,0,13,5,0.21104012109741177,,,0,0,0.0,0.0,0.0,0.11314332219953305,-0.0932326698328865
20137,2026-02-28 13:00:00+00:00,G1,OFI Crete,AEL Larissa,2026-02-27 12:53:36.899708+00:00,2026-02-27 12:53:36.899708+00:00,False,False,[],[],0,0,0,0,4,3,-0.18428529838514507,,,0,0,0.0,0.0,0.0,0.008349390333905138,-0.0387338598689867
3846,2026-02-28 13:30:00+00:00,D1,B. Monchengladbach,Union Berlin,2026-02-27 12:55:54.180562+00:00,2026-02-27 12:55:54.180562+00:00,False,True,['key_absent'],['key_absent'],1,1,0,0,-6,-5,0.31591144116267156,,,0,0,-0.6342083333333334,0.2743333333333333,0.9085416666666667,0.026475018867140987,-0.06163420757137106
3847,2026-02-28 13:30:00+00:00,D1,Bayer Leverkusen,Mainz,2026-02-27 12:55:54.180562+00:00,2026-02-27 12:55:54.180562+00:00,True,True,"['key_absent', 'congestion']",['key_absent'],1,1,0,0,17,7,0.3892003415736509,,,0,0,-1.198245238095238,0.7278214285714286,1.9260666666666666,-0.01824238522649979,-0.0046754380746222846
3848,2026-02-28 13:30:00+00:00,D1,Hoffenheim,St. Pauli,2026-02-27 12:55:54.180562+00:00,2026-02-27 12:55:54.180562+00:00,False,True,['key_absent'],"['key_absent', 'top4_pressure']",1,1,0,0,26,13,-0.457052127165559,,,0,1,0.1111333333333333,0.8792222222222222,0.7680888888888889,0.03274327389213705,-0.025149790973070907
3849,2026-02-28 13:30:00+00:00,D1,Werder Bremen,Heidenheim,2026-02-27 12:55:54.180562+00:00,2026-02-27 12:55:54.180562+00:00,False,True,['key_absent'],"['key_absent', 'table_adjacent_volatility']",1,1,0,0,5,1,-0.3376847535489569,,,0,0,0.16164761904761904,0.3108142857142857,0.14916666666666667,0.026767921672304795,-0.03970255273597456
22187,2026-02-28 13:30:00+00:00,RU1,Dynamo Makhachkala,Rubin Kazan,2026-02-27 12:53:36.899708+00:00,2026-02-27 12:53:36.899708+00:00,False,False,[],[],0,0,0,0,-8,-6,0.14686010725506016,,,0,0,0.0,0.0,0.0,,
19342,2026-02-28 14:00:00+00:00,B1,KV Mechelen,Waregem,2026-02-27 12:53:36.899708+00:00,2026-02-27 12:53:36.899708+00:00,False,True,[],['top4_pressure'],0,0,0,0,10,8,0.07653596889542769,,,0,1,0.0,0.0,0.0,0.07129323088690731,-0.085787824381095
19890,2026-02-28 14:00:00+00:00,T1,Galatasaray,Alanyaspor,2026-02-27 12:53:36.899708+00:00,2026-02-27 12:53:36.899708+00:00,False,True,['congestion'],['top4_pressure'],0,0,0,0,29,9,0.3120958541159329,,,0,1,0.0,0.0,0.0,0.042084754271005664,-0.014393461066973076
19891,2026-02-28 14:00:00+00:00,T1,Goztepe,Eyupspor,2026-02-27 12:53:36.899708+00:00,2026-02-27 12:53:36.899708+00:00,False,False,[],[],0,0,0,0,20,10,0.1911831674425244,,,0,0,0.0,0.0,0.0,0.09243112890961808,-0.09272883550350722
5131,2026-02-28 14:15:00+00:00,SP1,Barcelona,Villarreal,2026-02-27 12:53:36.899708+00:00,2026-02-27 12:53:36.899708+00:00,True,False,"['key_absent', 'top4_pressure']","['key_absent', 'congestion', 'top4_pressure']",1,1,0,0,8,3,-0.14241951103482364,,,1,1,-0.23289999999999994,0.3915,0.6244,-0.030115788468964566,0.03278520964641131
5528,2026-02-28 14:15:00+00:00,SP2,Zaragoza,Burgos CF,2026-02-27 12:56:42.428544+00:00,2026-02-27 12:56:42.428544+00:00,False,False,[],[],0,0,0,0,-16,-11,-0.19629188360936745,,,0,0,0.0,0.0,0.0,-0.03445069862240274,-0.0031046377500738576
19052,2026-02-28 14:30:00+00:00,N1,Heerenveen,Sparta Rotterdam,2026-02-27 12:55:09.865075+00:00,2026-02-27 12:55:09.865075+00:00,False,False,['table_adjacent_volatility'],[],0,0,0,0,-6,-1,-0.46714349974685465,,,0,0,0.0,0.0,0.0,0.09088791521619416,-0.10497287403790967
599,2026-02-28 15:00:00+00:00,E0,Burnley,Brentford,2026-02-27 12:53:36.899708+00:00,2026-02-27 12:53:36.899708+00:00,True,True,['key_absent'],['key_absent'],1,1,0,0,-21,-12,0.0521882691721105,,,0,0,0.4524285714285713,1.1284285714285713,0.676,-0.010364443098032777,-0.00044063696709994993
600,2026-02-28 15:00:00+00:00,E0,Liverpool,West Ham,2026-02-27 12:53:36.899708+00:00,2026-02-27 12:53:36.899708+00:00,False,True,['key_absent'],['key_absent'],1,1,0,0,20,13,0.020502366456370602,,,0,0,0.3238253968253968,0.8116111111111111,0.48778571428571427,0.05421608023352631,-0.027554763232615048
601,2026-02-28 15:00:00+00:00,E0,Newcastle,Everton,2026-02-27 12:53:36.899708+00:00,2026-02-27 12:53:36.899708+00:00,False,True,"['key_absent', 'congestion', 'table_adjacent_volatility']",['key_absent'],1,1,0,0,-1,-1,-0.3970908895737244,,,0,0,0.49217142857142865,0.9525714285714286,0.4604,0.05239828334940022,-0.044036303680203476
1116,2026-02-28 15:00:00+00:00,E1,Coventry,Stoke,2026-02-27 12:53:36.899708+00:00,2026-02-27 12:53:36.899708+00:00,False,False,[],[],0,0,0,0,21,13,-0.14573818290211804,,,0,1,0.0,0.0,0.0,0.04786041259199891,-0.032649236263556924
1117,2026-02-28 15:00:00+00:00,E1,Sheffield Wed,Southampton,2026-02-27 12:53:36.899708+00:00,2026-02-27 12:53:36.899708+00:00,False,False,[],[],0,0,0,0,-39,-17,-0.3832107662421764,,,0,0,0.0,0.0,0.0,-0.07001162649154845,0.132894825048939
1118,2026-02-28 15:00:00+00:00,E1,Ipswich,Swansea,2026-02-27 12:53:36.899708+00:00,2026-02-27 12:53:36.899708+00:00,False,False,[],[],0,0,0,0,11,11,1.5272872848890993,,,0,1,0.0,0.0,0.0,0.054360991139606574,-0.047717542365296434
1119,2026-02-28 15:00:00+00:00,E1,Oxford Utd,West Brom,2026-02-27 12:53:36.899708+00:00,2026-02-27 12:53:36.899708+00:00,False,False,[],[],0,0,0,0,-6,-1,-0.17410012046891676,,,0,0,0.0,0.0,0.0,0.01671417497322325,0.0004586637299746621
1120,2026-02-28 15:00:00+00:00,E1,QPR,Sheffield Utd,2026-02-27 12:53:36.899708+00:00,2026-02-27 12:53:36.899708+00:00,False,False,[],[],0,0,0,0,2,3,0.2613291890522538,,,0,0,0.0,0.0,0.0,-0.07473128647938726,0.07354268529770958
1121,2026-02-28 15:00:00+00:00,E1,Charlton,Wrexham,2026-02-27 12:53:36.899708+00:00,2026-02-27 12:53:36.899708+00:00,False,False,[],[],0,0,0,0,-13,-12,-0.5549383348072965,,,0,0,0.0,0.0,0.0,-0.011720726907604173,0.020059392961240985
1122,2026-02-28 15:00:00+00:00,E1,Preston,Millwall,2026-02-27 12:53:36.899708+00:00,2026-02-27 12:53:36.899708+00:00,False,False,[],[],0,0,0,0,-10,-7,-0.15668038770613446,,,1,0,0.0,0.0,0.0,0.00981380772739493,-0.0032663462271205757
1651,2026-02-28 15:00:00+00:00,E2,Stevenage,Stockport County,2026-02-27 12:53:36.899708+00:00,2026-02-27 12:53:36.899708+00:00,False,False,[],['congestion'],0,0,0,0,-8,-2,0.2774458115088869,,,0,0,0.0,0.0,0.0,-0.13335170114942768,0.09984847775043118
1652,2026-02-28 15:00:00+00:00,E2,Port Vale,Luton,2026-02-27 12:53:36.899708+00:00,2026-02-27 12:53:36.899708+00:00,True,False,['congestion'],['congestion'],0,0,0,0,-20,-14,-0.02033271877775178,,,0,0,0.0,0.0,0.0,-0.23120525743243214,0.2219115061119004
1653,2026-02-28 15:00:00+00:00,E2,Rotherham,Plymouth,2026-02-27 12:53:36.899708+00:00,2026-02-27 12:53:36.899708+00:00,True,False,['congestion'],['congestion'],0,0,0,0,-15,-12,0.5820640554323617,,,0,0,0.0,0.0,0.0,-0.035110599886947536,0.041765533785341924
1654,2026-02-28 15:00:00+00:00,E2,Lincoln,Blackpool,2026-02-27 12:53:36.899708+00:00,2026-02-27 12:53:36.899708+00:00,True,False,['congestion'],"['congestion', 'top4_pressure']",0,0,0,0,31,17,0.023074631666346157,,,0,1,0.0,0.0,0.0,-0.0830673085452781,0.05315807080080223
1655,2026-02-28 15:00:00+00:00,E2,Reading,Bradford City,2026-02-27 12:53:36.899708+00:00,2026-02-27 12:53:36.899708+00:00,False,True,['top4_pressure'],['congestion'],0,0,0,0,-10,-5,-0.2874601478754766,,,1,0,0.0,0.0,0.0,0.11248909950634534,-0.09989429474996797
1656,2026-02-28 15:00:00+00:00,E2,Mansfield,AFC Wimbledon,2026-02-27 12:53:36.899708+00:00,2026-02-27 12:53:36.899708+00:00,False,True,[],['congestion'],0,0,0,0,-3,-5,0.40629699672657793,,,0,0,0.0,0.0,0.0,0.07009593805429082,-0.09730369079429244
1657,2026-02-28 15:00:00+00:00,E2,Doncaster,Cardiff,2026-02-27 12:53:36.899708+00:00,2026-02-27 12:53:36.899708+00:00,False,True,['top4_pressure'],['congestion'],0,0,0,0,-30,-15,0.18857635590762722,,,1,0,0.0,0.0,0.0,0.0066699614510640215,-0.0007703922351132708
1658,2026-02-28 15:00:00+00:00,E2,Wigan,Huddersfield,2026-02-27 12:53:36.899708+00:00,2026-02-27 12:53:36.899708+00:00,False,False,[],[],0,0,0,0,-18,-15,0.19158643756942872,,,0,0,0.0,0.0,0.0,-0.037959546172275094,0.030921922580525618
1659,2026-02-28 15:00:00+00:00,E2,Exeter,Bolton,2026-02-27 12:53:36.899708+00:00,2026-02-27 12:53:36.899708+00:00,True,False,"['congestion', 'top4_pressure']",['congestion'],0,0,0,0,-17,-10,-0.08270940930636517,,,1,0,0.0,0.0,0.0,-0.13544877002120181,0.12513425380245308
1660,2026-02-28 15:00:00+00:00,E2,Wycombe,Burton,2026-02-27 12:53:36.899708+00:00,2026-02-27 12:53:36.899708+00:00,False,True,[],['congestion'],0,0,0,0,8,8,-0.0005491453854959971,,,0,0,0.0,0.0,0.0,-0.005009046910026349,-0.00812095712830635
2206,2026-02-28 15:00:00+00:00,E3,Oldham,Crawley,2026-02-27 12:53:36.899708+00:00,2026-02-27 12:53:36.899708+00:00,True,True,['congestion'],['congestion'],0,0,0,0,14,6,1.6449118143520343,,,0,0,0.0,0.0,0.0,-0.0010439940305820294,-0.014700203993586874
2207,2026-02-28 15:00:00+00:00,E3,Fleetwood,Newport,2026-02-27 12:53:36.899708+00:00,2026-02-27 12:53:36.899708+00:00,True,True,['congestion'],['congestion'],0,0,0,0,20,10,0.6592183971280967,,,0,0,0.0,0.0,0.0,-0.009854314816656773,-0.010485862482573383
2208,2026-02-28 15:00:00+00:00,E3,Notts Co,Grimsby,2026-02-27 12:53:36.899708+00:00,2026-02-27 12:53:36.899708+00:00,True,False,['congestion'],[],0,0,0,0,12,6,-0.5631558905307372,,,0,0,0.0,0.0,0.0,-0.08340521133516782,0.04487019726228647
2209,2026-02-28 15:00:00+00:00,E3,Bromley,Accrington,2026-02-27 12:53:36.899708+00:00,2026-02-27 12:53:36.899708+00:00,False,True,['congestion'],"['congestion', 'top4_pressure']",0,0,0,0,19,12,0.04014848099988377,,,0,1,0.0,0.0,0.0,0.0890470686366483,-0.0771349326338753
2210,2026-02-28 15:00:00+00:00,E3,Crewe,Tranmere,2026-02-27 12:53:36.899708+00:00,2026-02-27 12:53:36.899708+00:00,False,True,['congestion'],['congestion'],0,0,0,0,18,13,0.39389972962208475,,,0,0,0.0,0.0,0.0,0.0993892095896326,-0.09338399420277438
2211,2026-02-28 15:00:00+00:00,E3,Barrow,Gillingham,2026-02-27 12:53:36.899708+00:00,2026-02-27 12:53:36.899708+00:00,True,True,['congestion'],['congestion'],0,0,0,0,-14,-6,-0.15854610237336786,,,0,0,0.0,0.0,0.0,-0.020748910965184775,-0.0041775562676354405
2212,2026-02-28 15:00:00+00:00,E3,Colchester,Salford,2026-02-27 12:53:36.899708+00:00,2026-02-27 12:53:36.899708+00:00,True,False,['congestion'],['congestion'],0,0,0,0,-3,-4,-0.40890450333538286,,,0,0,0.0,0.0,0.0,-0.05421565664682204,0.06110111789255618
2213,2026-02-28 15:00:00+00:00,E3,Barnet,Chesterfield,2026-02-27 12:53:36.899708+00:00,2026-02-27 12:53:36.899708+00:00,False,True,['congestion'],['congestion'],0,0,0,0,-3,-3,1.221041778863369,,,0,0,0.0,0.0,0.0,0.09192779421179936,-0.07214199419292797
2759,2026-02-28 15:00:00+00:00,EC,Aldershot,Rochdale,2026-02-27 12:53:36.899708+00:00,2026-02-27 12:53:36.899708+00:00,True,False,"['congestion', 'top4_pressure']",['congestion'],0,0,0,0,-37,-11,2.2115046731622963,,,1,0,0.0,0.0,0.0,-0.2984582294516339,0.27352045248171486
2760,2026-02-28 15:00:00+00:00,EC,Truro,Braintree,2026-02-27 12:53:36.899708+00:00,2026-02-27 12:53:36.899708+00:00,True,True,['congestion'],['congestion'],0,0,0,0,-6,-3,0.24874167639472589,,,0,0,0.0,0.0,0.0,-0.009012582951376302,-0.022051197728215233
2761,2026-02-28 15:00:00+00:00,EC,Scunthorpe,Solihull Moors,2026-02-27 12:53:36.899708+00:00,2026-02-27 12:53:36.899708+00:00,False,False,['congestion'],[],0,0,0,0,15,6,-0.8682281132397698,,,0,0,0.0,0.0,0.0,0.06856838068590132,-0.07385161928343381
2762,2026-02-28 15:00:00+00:00,EC,Tamworth,Boreham Wood,2026-02-27 12:53:36.899708+00:00,2026-02-27 12:53:36.899708+00:00,False,True,"['congestion', 'top4_pressure']",['congestion'],0,0,0,0,-22,-7,0.8890718143241241,,,1,0,0.0,0.0,0.0,0.04847864695002002,-0.11215596384428717
2763,2026-02-28 15:00:00+00:00,EC,Eastleigh,Carlisle,2026-02-27 12:53:36.899708+00:00,2026-02-27 12:53:36.899708+00:00,True,False,"['congestion', 'top4_pressure']",['congestion'],0,0,0,0,-29,-12,-0.3821965284428348,,,1,0,0.0,0.0,0.0,-0.18668376100279852,0.1924313429134586
2764,2026-02-28 15:00:00+00:00,EC,Gateshead,Forest Green,2026-02-27 12:53:36.899708+00:00,2026-02-27 12:53:36.899708+00:00,True,False,['congestion'],['congestion'],0,0,0,0,-33,-18,1.088962637402254,,,0,0,0.0,0.0,0.0,-0.03750702448727333,0.018623019650867545
2765,2026-02-28 15:00:00+00:00,EC,FC Halifax,Sutton,2026-02-27 12:53:36.899708+00:00,2026-02-27 12:53:36.899708+00:00,False,True,['congestion'],['congestion'],0,0,0,0,17,13,-0.7258187711955477,,,0,0,0.0,0.0,0.0,0.03195892893086205,-0.043116200813339556
2766,2026-02-28 15:00:00+00:00,EC,Brackley Town,Altrincham,2026-02-27 12:53:36.899708+00:00,2026-02-27 12:53:36.899708+00:00,True,False,"['congestion', 'table_adjacent_volatility']",[],0,0,0,0,-1,-1,0.5027741574510829,,,0,0,0.0,0.0,0.0,-0.08806290109175674,0.0514006882238629
3071,2026-02-28 15:00:00+00:00,SC0,Dundee FC,Hibernian,2026-02-27 12:53:36.899708+00:00,2026-02-27 12:53:36.899708+00:00,False,False,[],[],0,0,0,0,-18,-4,0.6208944333882158,,,0,0,0.0,0.0,0.0,-0.05581521623119601,0.06280030001307535
3072,2026-02-28 15:00:00+00:00,SC0,Hearts,Aberdeen,2026-02-27 12:53:36.899708+00:00,2026-02-27 12:53:36.899708+00:00,False,True,[],"['congestion', 'top4_pressure']",0,0,0,0,31,7,-0.8883995826583355,,,0,1,0.0,0.0,0.0,0.24057789903628707,-0.20958210691081958
3073,2026-02-28 15:00:00+00:00,SC0,Falkirk,Kilmarnock,2026-02-27 12:53:36.899708+00:00,2026-02-27 12:53:36.899708+00:00,False,False,[],[],0,0,0,0,18,5,-0.13757405054891514,,,0,0,0.0,0.0,0.0,0.06696545045274194,-0.029737869663205296
3074,2026-02-28 15:00:00+00:00,SC0,Livingston,St. Mirren,2026-02-27 12:53:36.899708+00:00,2026-02-27 12:53:36.899708+00:00,False,False,[],[],0,0,0,0,-10,-2,-0.0032196502509274083,,,0,0,0.0,0.0,0.0,-0.007990247159727959,-0.021653185941239883
3075,2026-02-28 15:00:00+00:00,SC0,Motherwell,Dundee Utd,2026-02-27 12:53:36.899708+00:00,2026-02-27 12:53:36.899708+00:00,False,False,[],"['congestion', 'top4_pressure']",0,0,0,0,20,3,0.6598546799127583,,,0,1,0.0,0.0,0.0,-0.03472019199464904,0.020198899576537158
3230,2026-02-28 15:00:00+00:00,SC1,Partick Thistle,Arbroath,2026-02-27 12:53:36.899708+00:00,2026-02-27 12:53:36.899708+00:00,True,False,['top4_pressure'],['top4_pressure'],0,0,0,0,8,1,-1.044687116353387,,,1,1,0.0,0.0,0.0,-0.019832873382252314,0.010197940864075022
3231,2026-02-28 15:00:00+00:00,SC1,Airdrieonians,Morton,2026-02-27 12:53:36.899708+00:00,2026-02-27 12:53:36.899708+00:00,False,False,[],['congestion'],0,0,0,0,-7,-4,1.0072637635141888,,,0,0,0.0,0.0,0.0,-0.07472519969475422,0.043772753049281854
3232,2026-02-28 15:00:00+00:00,SC1,St Johnstone,Ayr,2026-02-27 12:53:36.899708+00:00,2026-02-27 12:53:36.899708+00:00,True,False,['top4_pressure'],['top4_pressure'],0,0,0,0,18,3,-1.8926503271664412,,,1,1,0.0,0.0,0.0,-0.07971731843626673,0.030693950966743877
3233,2026-02-28 15:00:00+00:00,SC1,Ross County,Raith,2026-02-27 12:53:36.899708+00:00,2026-02-27 12:53:36.899708+00:00,False,False,[],[],0,0,0,0,-7,-3,0.7092583200583711,,,0,0,0.0,0.0,0.0,-0.022364313866937713,-0.00014139466619639274
3234,2026-02-28 15:00:00+00:00,SC1,Dunfermline,Queen's Park,2026-02-27 12:53:36.899708+00:00,2026-02-27 12:53:36.899708+00:00,False,True,['congestion'],"['congestion', 'table_adjacent_volatility']",0,0,0,0,2,2,-1.794879841441742,,,0,0,0.0,0.0,0.0,0.17948909067089763,-0.20228228903502407
3409,2026-02-28 15:00:00+00:00,SC2,Hamilton,Montrose,,,False,False,[],[],,,,,,,,,,,,,,,,
3410,2026-02-28 15:00:00+00:00,SC2,Queen of South,Peterhead,,,False,False,[],[],,,,,,,,,,,,,,,,
3411,2026-02-28 15:00:00+00:00,SC2,East Fife,Alloa,,,False,False,[],[],,,,,,,,,,,,,,,,
3412,2026-02-28 15:00:00+00:00,SC2,Stenhousemuir,Cove Rangers,,,False,False,[],[],,,,,,,,,,,,,,,,
3413,2026-02-28 15:00:00+00:00,SC2,Kelty Hearts,Inverness,,,False,False,[],[],,,,,,,,,,,,,,,,
3587,2026-02-28 15:00:00+00:00,SC3,Edinburgh City,Forfar Athletic,,,False,False,[],[],,,,,,,,,,,,,,,,
3588,2026-02-28 15:00:00+00:00,SC3,Stranraer,Elgin City,,,False,False,[],[],,,,,,,,,,,,,,,,
3589,2026-02-28 15:00:00+00:00,SC3,Spartans,Annan,,,False,False,[],[],,,,,,,,,,,,,,,,
3590,2026-02-28 15:00:00+00:00,SC3,Stirling,Dumbarton,,,False,False,[],[],,,,,,,,,,,,,,,,
3591,2026-02-28 15:00:00+00:00,SC3,Clyde,East Kilbride,,,False,False,[],[],,,,,,,,,,,,,,,,
5900,2026-02-28 15:00:00+00:00,F1,Rennes,Toulouse,2026-02-27 12:53:36.899708+00:00,2026-02-27 12:53:36.899708+00:00,False,True,['key_absent'],['key_absent'],1,1,0,0,6,5,0.2647769258188273,,,0,0,-0.6841511904761904,0.2542,0.9383511904761904,0.1271192285206182,-0.15013556401055728
4896,2026-02-28 15:15:00+00:00,I2,Spezia,Reggiana,2026-02-27 12:53:36.899708+00:00,2026-02-27 12:53:36.899708+00:00,False,False,[],[],0,0,0,0,-1,-3,-0.23321852379781927,,,0,0,0.0,0.0,0.0,0.07966854802530488,-0.09068700317705702
19582,2026-02-28 15:30:00+00:00,P1,AFS,Estrela,2026-02-27 12:53:36.899708+00:00,2026-02-27 12:53:36.899708+00:00,False,False,[],[],0,0,0,0,-15,-6,-0.028004963601382826,,,0,0,0.0,0.0,0.0,-0.08301835242238076,0.05683250437773685
20138,2026-02-28 15:30:00+00:00,G1,Atromitos,Panetolikos,2026-02-27 12:53:36.899708+00:00,2026-02-27 12:53:36.899708+00:00,False,True,[],['table_adjacent_volatility'],0,0,0,0,3,1,-0.19245067026524332,,,0,0,0.0,0.0,0.0,0.016729097177399288,-0.04427300212511323
21693,2026-02-28 15:30:00+00:00,PL1,Motor Lublin,Korona Kielce,2026-02-27 12:53:36.899708+00:00,2026-02-27 12:53:36.899708+00:00,False,False,[],[],0,0,0,0,-3,-4,-0.34661570184209545,,,0,0,0.0,0.0,0.0,0.049237847541212576,-0.07319551217698345
4513,2026-02-28 16:00:00+00:00,I1,Verona,Napoli,2026-02-27 12:57:26.689290+00:00,2026-02-27 12:57:26.689290+00:00,True,False,"['key_absent', 'top4_pressure']",['key_absent'],1,1,0,0,-35,-17,-0.30544421589722504,,,1,0,-0.959095238095238,0.5696904761904762,1.5287857142857142,-0.16806897804317372,0.2198835660585397
20139,2026-02-28 16:00:00+00:00,G1,Kifisia,Levadiakos,2026-02-27 12:53:36.899708+00:00,2026-02-27 12:53:36.899708+00:00,True,False,['top4_pressure'],[],0,0,0,0,-18,-8,0.8130965461887474,,,1,0,0.0,0.0,0.0,-0.17314282014562726,0.11705131043217998
22026,2026-02-28 16:00:00+00:00,RO1,Farul Constanta,CFR Cluj,2026-02-27 12:53:36.899708+00:00,2026-02-27 12:53:36.899708+00:00,False,False,[],[],0,0,0,0,-10,-6,0.08453302823926023,,,0,0,0.0,0.0,0.0,-0.08300775379824898,0.06853327387846753
22435,2026-02-28 16:00:00+00:00,CH1,St. Gallen,Winterthur,2026-02-27 12:53:36.899708+00:00,2026-02-27 12:53:36.899708+00:00,False,True,['congestion'],['top4_pressure'],0,0,0,0,33,10,-0.07168192397572692,,,0,1,0.0,0.0,0.0,0.14547227516710215,-0.0790805647776452
22436,2026-02-28 16:00:00+00:00,CH1,Thun,Luzern,2026-02-27 12:53:36.899708+00:00,2026-02-27 12:53:36.899708+00:00,False,False,[],['top4_pressure'],0,0,0,0,25,6,-0.4679796525240931,,,0,1,0.0,0.0,0.0,-0.054885643862566,0.023190132447694828
22594,2026-02-28 16:00:00+00:00,CH2,Lausanne Ouchy,Etoile-Carouge,2026-02-27 12:53:37.124553+00:00,2026-02-27 12:53:37.124553+00:00,False,False,[],['top4_pressure'],0,0,0,0,16,5,0.7862961008792002,,,0,1,0.0,0.0,0.0,-0.090693387109542,0.05911368044067118
19343,2026-02-28 16:15:00+00:00,B1,Antwerp,St. Truiden,2026-02-27 12:53:36.899708+00:00,2026-02-27 12:53:36.899708+00:00,True,False,['top4_pressure'],[],0,0,0,0,-22,-9,0.17891036711792196,,,1,0,0.0,0.0,0.0,-0.011908570568887888,-0.01711187866324565
3850,2026-02-28 16:30:00+00:00,D1,Dortmund,Bayern Munich,2026-02-27 12:55:54.180562+00:00,2026-02-27 12:55:54.180562+00:00,True,False,"['key_absent', 'congestion', 'top4_pressure']","['key_absent', 'top4_pressure']",1,1,0,0,-8,-1,-0.08613715740679773,,,1,1,0.28822222222222227,0.9183888888888889,0.6301666666666667,-0.045352277479254216,0.043925160232621496
5132,2026-02-28 16:30:00+00:00,SP1,Mallorca,Real Sociedad,2026-02-27 12:53:36.899708+00:00,2026-02-27 12:53:36.899708+00:00,True,False,['key_absent'],['key_absent'],1,1,0,0,-4,-4,0.40833602434227956,,,0,0,-0.34734920634920635,0.2365,0.5838492063492063,-0.07226697328679949,0.04104750400835999
5529,2026-02-28 16:30:00+00:00,SP2,Granada CF,Malaga,2026-02-27 12:56:42.428544+00:00,2026-02-27 12:56:42.428544+00:00,False,False,[],[],0,0,0,0,-12,-11,-0.21810436592116567,,,0,0,0.0,0.0,0.0,0.14725420265256572,-0.1684446165950128
5530,2026-02-28 16:30:00+00:00,SP2,Valladolid,Huesca,2026-02-27 12:56:42.428544+00:00,2026-02-27 12:56:42.428544+00:00,False,False,['table_adjacent_volatility'],[],0,0,0,0,-1,-1,0.3781942210175675,,,0,0,0.0,0.0,0.0,0.1725075545447412,-0.1637339462478543
19053,2026-02-28 16:45:00+00:00,N1,Heracles,PSV,2026-02-27 12:55:09.865075+00:00,2026-02-27 12:55:09.865075+00:00,True,False,['top4_pressure'],[],0,0,0,0,-45,-17,0.2026521002560271,,,1,0,0.0,0.0,0.0,-0.09464878002740085,0.15293513597843345
5901,2026-02-28 17:00:00+00:00,F1,Monaco,Angers,2026-02-27 12:53:36.899708+00:00,2026-02-27 12:53:36.899708+00:00,False,False,"['key_absent', 'congestion']",[],1,0,0,0,5,5,0.06276000399785175,,,0,0,1.7339583333333333,1.7339583333333333,0.0,0.12078708440769448,-0.08503115359883007
602,2026-02-28 17:30:00+00:00,E0,Leeds,Manchester City,2026-02-27 12:53:36.899708+00:00,2026-02-27 12:53:36.899708+00:00,True,False,"['key_absent', 'top4_pressure']",['key_absent'],1,1,0,0,-25,-13,0.1313961981444276,,,1,0,-0.21975,0.50625,0.726,-0.18365152985655536,0.21935081960743635
2767,2026-02-28 17:30:00+00:00,EC,Morecambe,York City,2026-02-27 12:53:36.899708+00:00,2026-02-27 12:53:36.899708+00:00,True,False,['top4_pressure'],[],0,0,0,0,-53,-21,-0.5332668879485327,,,1,0,0.0,0.0,0.0,-0.006478535119304213,-0.02521918995392891
4897,2026-02-28 17:30:00+00:00,I2,Avellino,Juve Stabia,2026-02-27 12:53:36.899708+00:00,2026-02-27 12:53:36.899708+00:00,False,False,[],[],0,0,0,0,-9,-6,0.002303880465939656,,,0,0,0.0,0.0,0.0,-0.0038098650595125294,-0.07963978493055368
12136,2026-02-28 18:00:00+00:00,F2,Pau FC,St Etienne,2026-02-27 12:54:25.587348+00:00,2026-02-27 12:54:25.587348+00:00,True,False,['top4_pressure'],[],0,0,0,0,-9,-8,-0.059047208577370114,,,1,0,0.0,0.0,0.0,-0.07704481019481701,0.08105423302708642
19583,2026-02-28 18:00:00+00:00,P1,Nacional,Braga,2026-02-27 12:53:36.899708+00:00,2026-02-27 12:53:36.899708+00:00,True,False,['top4_pressure'],[],0,0,0,0,-21,-10,-0.33317102366913787,,,1,0,0.0,0.0,0.0,-0.10172565843545328,0.14347726574536102
21694,2026-02-28 18:15:00+00:00,PL1,GKS Katowice,Gornik Zabrze,2026-02-27 12:53:36.899708+00:00,2026-02-27 12:53:36.899708+00:00,False,False,[],[],0,0,0,0,-7,-7,1.7066897997231347,,,0,0,0.0,0.0,0.0,-0.122865031652926,0.08795338878125891
4157,2026-02-28 18:30:00+00:00,D2,Greuther Furth,Schalke,2026-02-27 12:53:36.899708+00:00,2026-02-27 12:53:36.899708+00:00,False,False,['top4_pressure'],[],0,0,0,0,-24,-16,-0.1037163305969182,,,1,0,0.0,0.0,0.0,0.01986959737339533,-0.031504824772818796
22437,2026-02-28 18:30:00+00:00,CH1,Servette,Sion,2026-02-27 12:53:36.899708+00:00,2026-02-27 12:53:36.899708+00:00,False,False,['top4_pressure'],[],0,0,0,0,-12,-6,0.26245308106794685,,,1,0,0.0,0.0,0.0,0.025582412863696058,-0.05444031602980082
4514,2026-02-28 18:45:00+00:00,I1,Inter,Genoa,2026-02-27 12:57:26.689290+00:00,2026-02-27 12:57:26.689290+00:00,True,False,"['key_absent', 'congestion']","['key_absent', 'top4_pressure']",1,1,0,0,37,13,-0.6115428786173753,,,0,1,0.8915912698412698,1.0238412698412698,0.13225,-0.10715633865635399,0.04809874687859122
19344,2026-02-28 18:45:00+00:00,B1,Anderlecht,Leuven,2026-02-27 12:53:36.899708+00:00,2026-02-27 12:53:36.899708+00:00,False,False,[],[],0,0,0,0,10,8,0.050776008115335,,,0,0,0.0,0.0,0.0,0.18668881899782602,-0.19358563313621752
5133,2026-02-28 19:00:00+00:00,SP1,Oviedo,Atl. Madrid,2026-02-27 12:53:36.899708+00:00,2026-02-27 12:53:36.899708+00:00,True,False,['key_absent'],"['key_absent', 'congestion']",1,1,0,0,-12,-13,0.9359121256018001,,,0,0,0.6320416666666666,0.885,0.25295833333333334,-0.15176096559339028,0.14208787913418702
5531,2026-02-28 19:00:00+00:00,SP2,Castellon,Racing Santander,2026-02-27 12:56:42.428544+00:00,2026-02-27 12:56:42.428544+00:00,False,False,"['top4_pressure', 'table_adjacent_volatility']",['top4_pressure'],0,0,0,0,-1,-1,0.11306200083659768,,,1,1,0.0,0.0,0.0,0.013956668401548855,0.014549899432607843
19054,2026-02-28 19:00:00+00:00,N1,Nijmegen,Sittard,2026-02-27 12:55:09.865075+00:00,2026-02-27 12:55:09.865075+00:00,False,True,[],['top4_pressure'],0,0,0,0,14,8,-0.7258863196794563,,,0,1,0.0,0.0,0.0,0.08113092328034666,-0.05598944379739032
5902,2026-02-28 19:05:00+00:00,F1,Le Havre,PSG,2026-02-27 12:53:36.899708+00:00,2026-02-27 12:53:36.899708+00:00,True,False,"['key_absent', 'top4_pressure']","['key_absent', 'congestion']",1,1,0,0,-28,-12,0.2649256477237092,,,1,0,-0.8100277777777778,0.3874166666666667,1.1974444444444445,-0.008228620704201148,0.0411897205093007
21029,2026-02-28 20:00:00+00:00,JP1,Okayama,Nagoya Grampus,2026-02-27 12:53:36.899708+00:00,2026-02-27 12:53:36.899708+00:00,False,False,[],[],0,0,0,0,-2,-5,-0.4839015151515147,,,0,0,0.0,0.0,0.0,-0.09428295717019525,0.08087955962277404
19584,2026-02-28 20:30:00+00:00,P1,Vitoria Guimaraes,Alverca,2026-02-27 12:53:36.899708+00:00,2026-02-27 12:53:36.899708+00:00,False,True,[],['table_adjacent_volatility'],0,0,0,0,5,2,-0.255744572745769,,,0,0,0.0,0.0,0.0,0.0042978699582522095,-0.01365749339999528
21030,2026-02-28 22:00:00+00:00,JP1,Kawasaki Frontale,Mito,2026-02-27 12:53:36.899708+00:00,2026-02-27 12:53:36.899708+00:00,False,False,[],[],0,0,0,0,2,4,0.4696969696969706,,,0,0,0.0,0.0,0.0,0.1366397751086385,-0.09260290598051157
21408,2026-03-01 05:00:00+00:00,MX1,Atl. San Luis,Puebla,2026-02-27 12:53:36.899708+00:00,2026-02-27 12:53:36.899708+00:00,False,False,[],[],0,0,0,0,6,4,0.03197880924439289,,,0,0,0.0,0.0,0.0,0.06387153912633298,-0.05423421666367864
21409,2026-03-01 05:00:00+00:00,MX1,Toluca,Guadalajara Chivas,2026-02-27 12:53:36.899708+00:00,2026-02-27 12:53:36.899708+00:00,False,False,[],['top4_pressure'],0,0,0,0,14,4,-1.0209192310235942,,,0,1,0.0,0.0,0.0,-0.0638426459908829,0.031924604901210324
21410,2026-03-01 07:00:00+00:00,MX1,Club Leon,Necaxa,2026-02-27 12:53:36.899708+00:00,2026-02-27 12:53:36.899708+00:00,False,False,[],[],0,0,0,0,-6,-4,-0.32102338038747735,,,0,0,0.0,0.0,0.0,-0.0051794992236933735,-0.008277210485169884
21411,2026-03-01 07:00:00+00:00,MX1,Monterrey,Cruz Azul,2026-02-27 12:53:36.899708+00:00,2026-02-27 12:53:36.899708+00:00,True,False,['top4_pressure'],[],0,0,0,0,-10,-4,0.19605456296064006,,,1,0,0.0,0.0,0.0,-0.05246209445473593,0.026511586233624373
22188,2026-03-01 07:00:00+00:00,RU1,Dynamo Moscow,Krylya Sovetov,2026-02-27 12:53:36.899708+00:00,2026-02-27 12:53:36.899708+00:00,False,False,[],[],0,0,0,0,4,3,-0.0817328814853191,,,0,0,0.0,0.0,0.0,,
21412,2026-03-01 09:00:00+00:00,MX1,Club America,Tigres UANL,2026-02-27 12:53:36.899708+00:00,2026-02-27 12:53:36.899708+00:00,True,False,"['top4_pressure', 'table_adjacent_volatility']",['top4_pressure'],0,0,0,0,-6,-1,1.2282910479590914,,,1,1,0.0,0.0,0.0,-0.013982692633613514,0.0006682996525068652
19892,2026-03-01 10:00:00+00:00,T1,Genclerbirligi,Kayserispor,2026-02-27 12:53:36.899708+00:00,2026-02-27 12:53:36.899708+00:00,False,False,[],[],0,0,0,0,4,5,-0.0882729740829804,,,0,0,0.0,0.0,0.0,0.06880098312035005,-0.07406936378836071
19055,2026-03-01 10:15:00+00:00,N1,Zwolle,Ajax,2026-02-27 12:55:09.865075+00:00,2026-02-27 12:55:09.865075+00:00,True,False,['top4_pressure'],[],0,0,0,0,-16,-8,0.8323955390855247,,,1,0,0.0,0.0,0.0,-0.006969848747661517,-0.006114302386965975
21695,2026-03-01 10:15:00+00:00,PL1,Termalica B-B.,Radomiak Radom,2026-02-27 12:53:36.899708+00:00,2026-02-27 12:53:36.899708+00:00,False,False,[],[],0,0,0,0,-7,-8,-2.207925636294366,,,0,0,0.0,0.0,0.0,-0.049973265748771645,0.03314640756149334
4515,2026-03-01 10:30:00+00:00,I1,Cremonese,AC Milan,2026-02-27 12:57:26.689290+00:00,2026-02-27 12:57:26.689290+00:00,True,False,"['key_absent', 'top4_pressure']",['key_absent'],1,1,0,0,-30,-15,0.9845134191696454,,,1,0,-0.08151388888888889,0.770125,0.8516388888888888,-0.11555230720113949,0.16594794958314718
22189,2026-03-01 10:30:00+00:00,RU1,Sochi,Spartak Moscow,2026-02-27 12:53:36.899708+00:00,2026-02-27 12:53:36.899708+00:00,False,False,[],[],0,0,0,0,-20,-10,0.12515092653953808,,,0,0,0.0,0.0,0.0,,
4158,2026-03-01 11:30:00+00:00,D2,Braunschweig,Preussen Munster,2026-02-27 12:53:36.899708+00:00,2026-02-27 12:53:36.899708+00:00,False,False,[],['table_adjacent_volatility'],0,0,0,0,2,2,-0.19589037692453637,,,0,0,0.0,0.0,0.0,-0.127405517902468,0.07783477118415044
4159,2026-03-01 11:30:00+00:00,D2,Hertha Berlin,Nurnberg,2026-02-27 12:53:36.899708+00:00,2026-02-27 12:53:36.899708+00:00,False,True,[],['table_adjacent_volatility'],0,0,0,0,4,1,0.39569673175551756,,,0,0,0.0,0.0,0.0,0.018921518520450098,-0.03316152408471795
4160,2026-03-01 11:30:00+00:00,D2,Magdeburg,Karlsruher SC,2026-02-27 12:53:36.899708+00:00,2026-02-27 12:53:36.899708+00:00,False,False,[],[],0,0,0,0,-7,-7,0.42067613666335735,,,0,0,0.0,0.0,0.0,-0.06523933187465225,0.04440554673793323
19345,2026-03-01 11:30:00+00:00,B1,Genk,Gent,2026-02-27 12:53:36.899708+00:00,2026-02-27 12:53:36.899708+00:00,False,False,"['congestion', 'table_adjacent_volatility']",[],0,0,0,0,-1,-1,0.4151793888331854,,,0,0,0.0,0.0,0.0,0.009051034678661862,-0.030719473821867516
22027,2026-03-01 11:45:00+00:00,RO1,Petrolul,Csikszereda M. Ciuc,2026-02-27 12:53:36.899708+00:00,2026-02-27 12:53:36.899708+00:00,False,False,[],[],0,0,0,0,0,1,-0.5816095937409838,,,0,0,0.0,0.0,0.0,-0.014506162852060855,-0.025253688614324477
3076,2026-03-01 12:00:00+00:00,SC0,Rangers,Celtic,2026-02-27 12:53:36.899708+00:00,2026-02-27 12:53:36.899708+00:00,False,True,"['key_absent', 'top4_pressure']","['key_absent', 'congestion', 'top4_pressure', 'table_adjacent_volatility']",1,1,0,0,2,1,-1.0133081474238619,,,1,1,-0.3391547619047619,0.6207619047619047,0.9599166666666666,0.0846090597934232,-0.13156495640541271
5134,2026-03-01 12:00:00+00:00,SP1,Elche,Espanyol,2026-02-27 12:53:36.899708+00:00,2026-02-27 12:53:36.899708+00:00,True,False,['key_absent'],[],1,0,0,0,-5,-8,-0.13112822871123875,,,0,0,0.5053333333333333,0.5053333333333333,0.0,-0.007571325621786418,-0.014950748349854992
5532,2026-03-01 12:00:00+00:00,SP2,Real Sociedad B,Dep. La Coruna,2026-02-27 12:56:42.428544+00:00,2026-02-27 12:56:42.428544+00:00,True,False,['top4_pressure'],[],0,0,0,0,-12,-9,0.6059406169077866,,,1,0,0.0,0.0,0.0,-0.12704392850222967,0.10685938851395277
20140,2026-03-01 12:00:00+00:00,G1,Panserraikos,Olympiacos Piraeus,2026-02-27 12:53:36.899708+00:00,2026-02-27 12:53:36.899708+00:00,True,False,['top4_pressure'],['congestion'],0,0,0,0,-38,-12,0.8167307887934658,,,1,0,0.0,0.0,0.0,-0.04823118169440241,0.11243107042012779
22438,2026-03-01 12:00:00+00:00,CH1,Lausanne,Basel,2026-02-27 12:53:36.899708+00:00,2026-02-27 12:53:36.899708+00:00,True,False,['congestion'],[],0,0,0,0,-10,-4,0.026956497563582538,,,0,0,0.0,0.0,0.0,-0.005020591142890551,-0.0003560072139325854
22595,2026-03-01 12:00:00+00:00,CH2,Vaduz,Stade Nyonnais,2026-02-27 12:53:37.124553+00:00,2026-02-27 12:53:37.124553+00:00,False,True,[],['top4_pressure'],0,0,0,0,33,7,-0.02168122786277671,,,0,1,0.0,0.0,0.0,0.06266286081232486,-0.03545465020751232
22596,2026-03-01 12:00:00+00:00,CH2,Xamax,Wil,2026-02-27 12:53:37.124553+00:00,2026-02-27 12:53:37.124553+00:00,False,False,[],[],0,0,0,0,7,2,0.5751907384021795,,,0,0,0.0,0.0,0.0,0.08732589364805843,-0.08733224607888451
19056,2026-03-01 12:30:00+00:00,N1,FC Volendam,Groningen,2026-02-27 12:55:09.865075+00:00,2026-02-27 12:55:09.865075+00:00,False,False,[],[],0,0,0,0,-7,-6,0.5017765410578887,,,0,0,0.0,0.0,0.0,-0.08341299838181832,0.05811118565286
19057,2026-03-01 12:30:00+00:00,N1,Twente,Feyenoord,2026-02-27 12:55:09.865075+00:00,2026-02-27 12:55:09.865075+00:00,False,False,['top4_pressure'],[],0,0,0,0,-10,-4,0.08661414058131722,,,1,0,0.0,0.0,0.0,0.05880339420220704,-0.09620626764872048
21696,2026-03-01 12:45:00+00:00,PL1,Jagiellonia,Legia,2026-02-27 12:53:36.899708+00:00,2026-02-27 12:53:36.899708+00:00,True,False,['congestion'],['top4_pressure'],0,0,0,0,13,16,0.8490858397025818,,,0,1,0.0,0.0,0.0,-0.058244637728675,0.026162055883541313
4516,2026-03-01 13:00:00+00:00,I1,Sassuolo,Atalanta,2026-02-27 12:57:26.689290+00:00,2026-02-27 12:57:26.689290+00:00,True,False,['key_absent'],"['key_absent', 'congestion']",1,1,0,0,-10,-2,-0.27000638889491047,,,0,0,-0.7143095238095238,0.3908333333333333,1.1051428571428572,-0.1708685746397113,0.17873443584477178
4898,2026-03-01 13:00:00+00:00,I2,Catanzaro,Frosinone,2026-02-27 12:53:36.899708+00:00,2026-02-27 12:53:36.899708+00:00,True,False,['top4_pressure'],[],0,0,0,0,-9,-2,0.24675236369743647,,,1,0,0.0,0.0,0.0,-0.0014078491778384272,-0.0662165044533663
4899,2026-03-01 13:00:00+00:00,I2,Pescara,Palermo,2026-02-27 12:53:36.899708+00:00,2026-02-27 12:53:36.899708+00:00,True,False,['top4_pressure'],[],0,0,0,0,-33,-16,-0.3181645326520517,,,1,0,0.0,0.0,0.0,-0.21613666303281454,0.23189994807796488
5903,2026-03-01 13:00:00+00:00,F1,Paris FC,Nice,2026-02-27 12:53:36.899708+00:00,2026-02-27 12:53:36.899708+00:00,False,True,"['key_absent', 'table_adjacent_volatility']",['key_absent'],1,1,0,0,-1,-1,-0.6378681160368123,,,0,0,-0.22042857142857142,0.2915,0.5119285714285714,0.049502526476069064,-0.0718805125015024
22190,2026-03-01 13:00:00+00:00,RU1,Akhmat Grozny,CSKA Moscow,2026-02-27 12:53:36.899708+00:00,2026-02-27 12:53:36.899708+00:00,False,False,['top4_pressure'],[],0,0,0,0,-14,-4,-0.578107550788431,,,1,0,0.0,0.0,0.0,,
3851,2026-03-01 13:30:00+00:00,D1,Stuttgart,Wolfsburg,2026-02-27 12:55:54.180562+00:00,2026-02-27 12:55:54.180562+00:00,True,False,"['key_absent', 'congestion']","['key_absent', 'top4_pressure']",1,1,0,0,23,11,0.3847139973513496,,,0,1,-0.5013166666666666,0.4285,0.9298166666666666,-0.04529048137987568,0.0325643528317722
20141,2026-03-01 13:30:00+00:00,G1,Volos,AEK Athens,2026-02-27 12:53:36.899708+00:00,2026-02-27 12:53:36.899708+00:00,True,False,['top4_pressure'],[],0,0,0,0,-26,-6,0.057154505383808285,,,1,0,0.0,0.0,0.0,-0.12223697845423806,0.19419824233572291
603,2026-03-01 14:00:00+00:00,E0,Fulham,Tottenham,2026-02-27 12:53:36.899708+00:00,2026-02-27 12:53:36.899708+00:00,True,False,['key_absent'],['key_absent'],1,1,0,0,8,7,-0.5332699326867001,,,0,0,-1.2237559523809525,0.33873214285714287,1.5624880952380953,-0.04765214465380402,0.0329927086146416
604,2026-03-01 14:00:00+00:00,E0,Brighton,Nottingham,2026-02-27 12:53:36.899708+00:00,2026-02-27 12:53:36.899708+00:00,False,True,['key_absent'],"['key_absent', 'congestion']",1,1,0,0,7,3,0.14906154814730765,,,0,0,-0.2517857142857143,0.3352142857142857,0.587,0.017009373762087387,-0.0223560938864395
605,2026-03-01 14:00:00+00:00,E0,Manchester Utd,Crystal Palace,2026-02-27 12:53:36.899708+00:00,2026-02-27 12:53:36.899708+00:00,False,True,['key_absent'],"['key_absent', 'congestion', 'top4_pressure']",1,1,0,0,13,9,-0.07364641963340368,,,0,1,-0.2980015873015873,0.60405,0.9020515873015873,0.1595706431149284,-0.12122719180951003
19346,2026-03-01 14:00:00+00:00,B1,Westerlo,Royale Union SG,2026-02-27 12:53:36.899708+00:00,2026-02-27 12:53:36.899708+00:00,True,False,['top4_pressure'],[],0,0,0,0,-21,-7,0.5629574833736557,,,1,0,0.0,0.0,0.0,-0.13288407026188803,0.13500451734612068
19893,2026-03-01 14:00:00+00:00,T1,Antalyaspor,Fenerbahce,2026-02-27 12:53:36.899708+00:00,2026-02-27 12:53:36.899708+00:00,True,False,['top4_pressure'],['congestion'],0,0,0,0,-30,-11,-0.4025745909948881,,,1,0,0.0,0.0,0.0,-0.043228753170312134,0.06551589589421425
19894,2026-03-01 14:00:00+00:00,T1,Samsunspor,Gaziantep,2026-02-27 12:53:36.899708+00:00,2026-02-27 12:53:36.899708+00:00,False,True,['congestion'],['table_adjacent_volatility'],0,0,0,0,3,2,0.1938410675656943,,,0,0,0.0,0.0,0.0,0.0953108185197657,-0.06196565646331098
22028,2026-03-01 14:00:00+00:00,RO1,Din. Bucuresti,FC Arges,2026-02-27 12:53:36.899708+00:00,2026-02-27 12:53:36.899708+00:00,False,False,[],[],0,0,0,0,6,3,-0.4822553278167332,,,0,1,0.0,0.0,0.0,-0.033407291654514615,-0.0017980361485667729
5135,2026-03-01 14:15:00+00:00,SP1,Valencia,Osasuna,2026-02-27 12:53:36.899708+00:00,2026-02-27 12:53:36.899708+00:00,True,False,"['key_absent', 'top4_pressure']",['key_absent'],1,1,0,0,-9,-10,0.22792458789978198,,,1,0,0.3784079365079365,0.6061222222222222,0.2277142857142857,-0.04147613130280842,0.0010098626356673246
5533,2026-03-01 14:15:00+00:00,SP2,Mirandes,Ceuta,2026-02-27 12:56:42.428544+00:00,2026-02-27 12:56:42.428544+00:00,False,True,[],['congestion'],0,0,0,0,-17,-15,-0.412310302842295,,,0,0,0.0,0.0,0.0,0.05052314085528625,-0.07040693968055356
5534,2026-03-01 14:15:00+00:00,SP2,Gijon,Leganes,2026-02-27 12:56:42.428544+00:00,2026-02-27 12:56:42.428544+00:00,False,False,[],[],0,0,0,0,8,7,0.2144414676500146,,,0,0,0.0,0.0,0.0,-0.054230697927195703,0.015365260755015375
22439,2026-03-01 14:30:00+00:00,CH1,Young Boys,Zurich,2026-02-27 12:53:36.899708+00:00,2026-02-27 12:53:36.899708+00:00,False,True,[],['table_adjacent_volatility'],0,0,0,0,5,2,0.20913534681334056,,,0,0,0.0,0.0,0.0,0.05544121276601133,-0.042538922233519405
22440,2026-03-01 14:30:00+00:00,CH1,Grasshoppers,Lugano,2026-02-27 12:53:36.899708+00:00,2026-02-27 12:53:36.899708+00:00,True,False,['top4_pressure'],[],0,0,0,0,-25,-8,-0.12404802088405109,,,1,0,0.0,0.0,0.0,-0.1645367389824099,0.15098529605294497
19058,2026-03-01 14:45:00+00:00,N1,Utrecht,AZ Alkmaar,2026-02-27 12:55:09.865075+00:00,2026-02-27 12:55:09.865075+00:00,False,True,[],['congestion'],0,0,0,0,-8,-5,-0.6064629695330677,,,0,0,0.0,0.0,0.0,-0.0017466526895122958,-0.024216173935509455
20142,2026-03-01 15:00:00+00:00,G1,PAOK,Asteras Tripolis,2026-02-27 12:53:36.899708+00:00,2026-02-27 12:53:36.899708+00:00,False,True,['congestion'],['top4_pressure'],0,0,0,0,31,10,1.3203453160806369,,,0,1,0.0,0.0,0.0,0.10427614916085515,-0.041395496660495176
20287,2026-03-01 15:00:00+00:00,AT1,BW Linz,Tirol,2026-02-27 12:53:36.899708+00:00,2026-02-27 12:53:36.899708+00:00,False,False,[],[],0,0,0,0,-11,-2,0.28386213438410657,,,0,0,0.0,0.0,0.0,-0.06750979183587935,0.022587666995978806
20288,2026-03-01 15:00:00+00:00,AT1,Wolfsberger AC,Sturm Graz,2026-02-27 12:53:36.899708+00:00,2026-02-27 12:53:36.899708+00:00,False,False,['top4_pressure'],[],0,0,0,0,-9,-7,0.5801492357158793,,,1,0,0.0,0.0,0.0,0.0772159128941306,-0.10835402162169266
20289,2026-03-01 15:00:00+00:00,AT1,Altach,SK Rapid,2026-02-27 12:53:36.899708+00:00,2026-02-27 12:53:36.899708+00:00,True,False,['table_adjacent_volatility'],[],0,0,0,0,-1,-1,-0.29187395743632116,,,0,0,0.0,0.0,0.0,-0.13142297215863652,0.098557117366733
20290,2026-03-01 15:00:00+00:00,AT1,Salzburg,Hartberg,2026-02-27 12:53:36.899708+00:00,2026-02-27 12:53:36.899708+00:00,False,True,[],['top4_pressure'],0,0,0,0,5,4,0.3316889237009075,,,0,1,0.0,0.0,0.0,0.04961741558834443,-0.023976139079605302
20291,2026-03-01 15:00:00+00:00,AT1,Grazer AK,Ried,2026-02-27 12:53:36.899708+00:00,2026-02-27 12:53:36.899708+00:00,False,False,[],[],0,0,0,0,-11,-3,-0.3250850510580001,,,0,0,0.0,0.0,0.0,-0.0391228853094448,0.012171240012138762
20292,2026-03-01 15:00:00+00:00,AT1,Austria Vienna,LASK,2026-02-27 12:53:36.899708+00:00,2026-02-27 12:53:36.899708+00:00,False,True,"['top4_pressure', 'table_adjacent_volatility']",['top4_pressure'],0,0,0,0,-1,-1,0.3328548801657867,,,1,1,0.0,0.0,0.0,0.04385863457931277,-0.0901944411768586
20805,2026-03-01 15:00:00+00:00,DK1,Fredericia,Silkeborg,2026-02-27 12:53:36.899708+00:00,2026-02-27 12:53:36.899708+00:00,False,False,[],['table_adjacent_volatility'],0,0,0,0,2,1,-0.03801395651910511,,,0,0,0.0,0.0,0.0,-0.0997395945338379,0.07998778624320474
20806,2026-03-01 15:00:00+00:00,DK1,Viborg,Nordsjaelland,2026-02-27 12:53:36.899708+00:00,2026-02-27 12:53:36.899708+00:00,True,False,['table_adjacent_volatility'],[],0,0,0,0,-1,-1,0.3449260368190803,,,0,0,0.0,0.0,0.0,-0.020205734877932036,0.009298489159917267
20807,2026-03-01 15:00:00+00:00,DK1,Vejle,Aarhus,2026-02-27 12:53:36.899708+00:00,2026-02-27 12:53:36.899708+00:00,True,False,['top4_pressure'],[],0,0,0,0,-33,-11,-0.17965894788516934,,,1,0,0.0,0.0,0.0,-0.01531363233279473,0.02127495182791672
20808,2026-03-01 15:00:00+00:00,DK1,Sonderjyske,Odense,2026-02-27 12:53:36.899708+00:00,2026-02-27 12:53:36.899708+00:00,False,True,[],['top4_pressure'],0,0,0,0,6,5,0.9430139532054884,,,0,1,0.0,0.0,0.0,-0.0005367806059952129,-0.027884636665127305
20809,2026-03-01 15:00:00+00:00,DK1,Midtjylland,Brondby,2026-02-27 12:53:36.899708+00:00,2026-02-27 12:53:36.899708+00:00,False,True,['top4_pressure'],['top4_pressure'],0,0,0,0,12,2,-0.26639606647378145,,,1,1,0.0,0.0,0.0,0.14727212260364803,-0.15139799988920713
20810,2026-03-01 15:00:00+00:00,DK1,FC Copenhagen,Randers FC,2026-02-27 12:53:36.899708+00:00,2026-02-27 12:53:36.899708+00:00,False,True,[],['table_adjacent_volatility'],0,0,0,0,6,2,-0.4200379792090665,,,0,0,0.0,0.0,0.0,0.03477735372228208,-0.05639204951731666
4900,2026-03-01 15:15:00+00:00,I2,Mantova,Carrarese,2026-02-27 12:53:36.899708+00:00,2026-02-27 12:53:36.899708+00:00,False,False,[],[],0,0,0,0,-4,-4,0.21304613870832156,,,0,0,0.0,0.0,0.0,-0.14865675971718006,0.0924905260492786
5904,2026-03-01 15:15:00+00:00,F1,Lorient,Auxerre,2026-02-27 12:53:36.899708+00:00,2026-02-27 12:53:36.899708+00:00,True,True,['key_absent'],['key_absent'],1,1,0,0,15,7,0.16226048470470467,,,0,0,-0.2544166666666667,0.302,0.5564166666666667,-0.010578598238747627,-0.027160419894183246
5905,2026-03-01 15:15:00+00:00,F1,Metz,Brest,2026-02-27 12:53:36.899708+00:00,2026-02-27 12:53:36.899708+00:00,True,False,['key_absent'],[],1,0,0,0,-17,-7,-0.05456404830475403,,,0,0,-0.03327777777777777,0.23955555555555555,0.2728333333333333,-0.14827999574298284,0.13459220364109853
5906,2026-03-01 15:15:00+00:00,F1,Lille,Nantes,2026-02-27 12:53:36.899708+00:00,2026-02-27 12:53:36.899708+00:00,False,True,"['key_absent', 'congestion']",['key_absent'],1,1,0,0,20,11,0.05261167226289665,,,0,0,0.33029166666666665,0.9132916666666666,0.583,0.10459430005197567,-0.073285369008773
3852,2026-03-01 15:30:00+00:00,D1,Eintracht Frankfurt,Freiburg,2026-02-27 12:55:54.180562+00:00,2026-02-27 12:55:54.180562+00:00,False,True,"['key_absent', 'table_adjacent_volatility']",['key_absent'],1,1,0,0,-2,-1,-0.2182334398634449,,,0,0,0.8897861111111109,2.076511111111111,1.186725,0.012599263917394132,-0.030524243021882502
19585,2026-03-01 15:30:00+00:00,P1,Tondela,Santa Clara,2026-02-27 12:53:36.899708+00:00,2026-02-27 12:53:36.899708+00:00,True,False,['table_adjacent_volatility'],[],0,0,0,0,0,-1,-0.3908947718016824,,,0,0,0.0,0.0,0.0,-0.19339486105383874,0.14618043215106002
21697,2026-03-01 15:30:00+00:00,PL1,Lech Poznan,Rakow,2026-02-27 12:53:36.899708+00:00,2026-02-27 12:53:36.899708+00:00,True,False,"['congestion', 'top4_pressure']","['top4_pressure', 'table_adjacent_volatility']",0,0,0,0,1,2,-0.7988347403814062,,,1,1,0.0,0.0,0.0,-0.08524231293777546,0.04296199743263679
4517,2026-03-01 16:00:00+00:00,I1,Torino,Lazio,2026-02-27 12:57:26.689290+00:00,2026-02-27 12:57:26.689290+00:00,True,False,['key_absent'],['key_absent'],1,1,0,0,-7,-5,-0.05336287745812385,,,0,0,-0.6812194444444446,0.35980555555555555,1.041025,-0.07816164304550133,0.03876486012241648
20143,2026-03-01 16:00:00+00:00,G1,Panathinaikos,Aris,2026-02-27 12:53:36.899708+00:00,2026-02-27 12:53:36.899708+00:00,True,False,['congestion'],[],0,0,0,0,8,1,-0.22570986940347382,,,0,0,0.0,0.0,0.0,-0.014742064083448247,-0.024830803670152224
606,2026-03-01 16:30:00+00:00,E0,Arsenal,Chelsea,2026-02-27 12:53:36.899708+00:00,2026-02-27 12:53:36.899708+00:00,False,True,['key_absent'],"['key_absent', 'top4_pressure']",1,1,0,0,16,5,-1.5561725105336173,,,0,1,-0.11495833333333338,0.7717083333333333,0.8866666666666667,0.06328179131569556,-0.07226524914585117
5136,2026-03-01 16:30:00+00:00,SP1,Betis,Sevilla,2026-02-27 12:53:36.899708+00:00,2026-02-27 12:53:36.899708+00:00,False,True,['key_absent'],['key_absent'],1,1,0,0,8,7,0.16503389504598598,,,0,0,0.10885,0.36225,0.2534,0.0668758714491618,-0.06431805018228412
5535,2026-03-01 16:30:00+00:00,SP2,Cultural Leonesa,Las Palmas,2026-02-27 12:56:42.428544+00:00,2026-02-27 12:56:42.428544+00:00,False,False,[],[],0,0,0,0,-15,-14,-0.18392980564251005,,,0,0,0.0,0.0,0.0,-0.060894306261649545,0.022878766363586933
19347,2026-03-01 16:30:00+00:00,B1,Charleroi,Club Brugge KV,2026-02-27 12:53:36.899708+00:00,2026-02-27 12:53:36.899708+00:00,True,False,['top4_pressure'],['congestion'],0,0,0,0,-18,-6,0.32978249791886416,,,1,0,0.0,0.0,0.0,-0.15167647431969064,0.13950875311674288
22029,2026-03-01 17:00:00+00:00,RO1,UTA Arad,FCSB,2026-02-27 12:53:36.899708+00:00,2026-02-27 12:53:36.899708+00:00,False,False,[],[],0,0,0,0,-1,-1,-0.3108132853666854,,,0,0,0.0,0.0,0.0,-0.10155519885004052,0.0825185759560828
19348,2026-03-01 17:15:00+00:00,B1,Cercle Brugge KSV,Dender,2026-02-27 12:53:36.899708+00:00,2026-02-27 12:53:36.899708+00:00,False,False,[],[],0,0,0,0,10,2,-0.05583446749512255,,,0,0,0.0,0.0,0.0,0.11141168503171556,-0.1260796610507531
3853,2026-03-01 17:30:00+00:00,D1,Hamburger SV,RB Leipzig,2026-02-27 12:55:54.180562+00:00,2026-02-27 12:55:54.180562+00:00,True,True,['key_absent'],['key_absent'],1,1,0,0,-15,-6,0.9867077684605547,,,0,0,-0.33771428571428574,0.1838,0.5215142857142857,-0.03242229035664895,-0.016907533199207125
19059,2026-03-01 18:00:00+00:00,N1,Excelsior,G.A. Eagles,2026-02-27 12:55:09.865075+00:00,2026-02-27 12:55:09.865075+00:00,True,False,['table_adjacent_volatility'],[],0,0,0,0,0,-1,-0.3278467445583928,,,0,0,0.0,0.0,0.0,-0.024022949467152388,-0.01636715644003711
19586,2026-03-01 18:00:00+00:00,P1,Casa Pia,Moreirense,2026-02-27 12:53:36.899708+00:00,2026-02-27 12:53:36.899708+00:00,False,False,[],[],0,0,0,0,-11,-6,0.551457313725173,,,0,0,0.0,0.0,0.0,-0.06559058473325652,0.03404566695592354
4518,2026-03-01 18:45:00+00:00,I1,AS Roma,Juventus,2026-02-27 12:57:26.689290+00:00,2026-02-27 12:57:26.689290+00:00,True,False,['key_absent'],"['key_absent', 'congestion', 'top4_pressure', 'table_adjacent_volatility']",1,1,0,0,4,1,0.4093734677781562,,,0,1,0.029663888888888934,1.3469083333333334,1.3172444444444444,-0.0858253876827853,0.022204120794911075
5907,2026-03-01 18:45:00+00:00,F1,Marseille,Lyon,2026-02-27 12:53:36.899708+00:00,2026-02-27 12:53:36.899708+00:00,False,True,"['key_absent', 'top4_pressure', 'table_adjacent_volatility']","['key_absent', 'top4_pressure']",1,1,0,0,-5,-1,-0.13609388012766033,,,1,1,-1.243861111111111,0.189,1.4328611111111111,0.09137811904861842,-0.11701936279715522
5137,2026-03-01 19:00:00+00:00,SP1,Girona,Celta Vigo,2026-02-27 12:53:36.899708+00:00,2026-02-27 12:53:36.899708+00:00,False,True,"['key_absent', 'table_adjacent_volatility']","['key_absent', 'congestion']",1,1,0,0,-2,-2,-0.06612599125984886,,,0,0,-0.49703571428571425,0.36,0.8570357142857142,0.0495663742370237,-0.0625597459911798
5536,2026-03-01 19:00:00+00:00,SP2,Eibar,Cadiz CF,2026-02-27 12:56:42.428544+00:00,2026-02-27 12:56:42.428544+00:00,False,True,[],['table_adjacent_volatility'],0,0,0,0,0,1,-0.4756293728746961,,,0,0,0.0,0.0,0.0,0.046301023839979416,-0.05975372022056347
19587,2026-03-01 20:30:00+00:00,P1,Rio Ave,Famalicao,2026-02-27 12:53:36.899708+00:00,2026-02-27 12:53:36.899708+00:00,False,False,[],[],0,0,0,0,-15,-9,-0.2399397264749723,,,0,0,0.0,0.0,0.0,-0.04583256146889972,0.04278478853250167
22030,2026-03-02 15:30:00+00:00,RO1,Unirea Slobozia,FC Rapid Bucuresti,2026-02-27 12:53:36.899708+00:00,2026-02-27 12:53:36.899708+00:00,False,False,[],[],0,0,0,0,-28,-12,-0.58162295278062,,,1,0,0.0,0.0,0.0,,
4519,2026-03-02 16:30:00+00:00,I1,Pisa,Bologna,2026-02-27 12:53:36.899708+00:00,2026-02-27 12:53:36.899708+00:00,False,False,['key_absent'],"['key_absent', 'congestion']",1,1,0,0,-21,-11,0.5208448580182408,,,0,0,-0.20723333333333332,0.03866666666666667,0.2459,,
21698,2026-03-02 17:00:00+00:00,PL1,Zaglebie,Wisla Plock,2026-02-27 12:53:36.899708+00:00,2026-02-27 12:53:36.899708+00:00,False,False,[],['top4_pressure'],0,0,0,0,2,4,1.615892026420772,,,0,1,0.0,0.0,0.0,,
5537,2026-03-02 18:30:00+00:00,SP2,Cordoba,Andorra,2026-02-27 12:53:36.899708+00:00,2026-02-27 12:53:36.899708+00:00,False,False,[],[],0,0,0,0,9,8,-0.07239622766261,,,0,0,0.0,0.0,0.0,,
4520,2026-03-02 18:45:00+00:00,I1,Udinese,Fiorentina,2026-02-27 12:53:36.899708+00:00,2026-02-27 12:53:36.899708+00:00,False,False,['key_absent'],"['key_absent', 'congestion']",1,1,0,0,8,6,-0.053038559716152456,,,0,0,-0.41142976190476177,0.7240619047619048,1.1354916666666666,,
12137,2026-03-02 18:45:00+00:00,F2,Amiens,Troyes,2026-02-27 12:53:36.899708+00:00,2026-02-27 12:53:36.899708+00:00,False,False,['top4_pressure'],[],0,0,0,0,-22,-15,0.3185133456274798,,,1,0,0.0,0.0,0.0,,
5138,2026-03-02 19:00:00+00:00,SP1,Real Madrid,Getafe,2026-02-27 12:53:36.899708+00:00,2026-02-27 12:53:36.899708+00:00,False,False,"['key_absent', 'congestion']","['key_absent', 'top4_pressure']",1,1,0,0,19,16,-0.1663361930505749,,,0,1,1.1014972222222221,2.0073305555555554,0.9058333333333334,,
20829,2026-03-02 19:45:00+00:00,IE1,St. Patricks,Galway,2026-02-27 12:53:36.899708+00:00,2026-02-27 12:53:36.899708+00:00,False,False,[],[],0,0,0,0,0,-2,-1.433712121212121,,,0,0,0.0,0.0,0.0,,
1123,2026-03-02 20:00:00+00:00,E1,Birmingham,Middlesbrough,2026-02-27 12:53:36.899708+00:00,2026-02-27 12:53:36.899708+00:00,False,False,[],[],0,0,0,0,-14,-7,0.3923828860661116,,,1,0,0.0,0.0,0.0,,
19588,2026-03-02 20:15:00+00:00,P1,Gil Vicente,Benfica,2026-02-27 12:53:36.899708+00:00,2026-02-27 12:53:36.899708+00:00,False,False,['top4_pressure'],['congestion'],0,0,0,0,-15,-2,-0.4392146871624192,,,1,0,0.0,0.0,0.0,,
