slip_id,date,stake,ticket_odds,ticket_win_prob,ticket_ev,result_return_factor,pnl,hit,bankroll_before,bankroll_after
2025-08-01-001,2025-08-01,2.0,2.3,0.5399916540982513,0.4839616088519558,0.0,-2.0,0,100.0,98.0
2025-08-03-001,2025-08-03,1.96,2.5,0.45966481725967767,0.2923576045724207,0.0,-1.96,0,98.0,96.04
2025-08-09-001,2025-08-09,1.9208,1.857142857142857,0.5843345080732225,0.16363805719879898,1.857142857142857,1.6463999999999996,1,96.04,97.6864
2025-08-17-001,2025-08-17,1.9537280000000001,1.7999999999999996,0.6313341933353109,0.2664915235778981,1.7999999999999996,1.5629823999999992,1,97.6864,99.2493824
2025-08-23-001,2025-08-23,1.9849876480000002,2.583333333333333,0.49478844750578155,0.552230490069521,2.583333333333333,3.142897109333333,1,99.2493824,102.39227950933333
2025-08-29-001,2025-08-29,2.047845590186667,2.2698412698412698,0.6152544574871912,0.812032128034291,0.0,-2.047845590186667,0,102.39227950933333,100.34443391914667
2025-08-30-001,2025-08-30,2.0068886783829334,2.022222222222222,0.611254092711655,0.4738095785797547,0.0,-2.0068886783829334,0,100.34443391914667,98.33754524076373
2025-08-31-001,2025-08-31,1.9667509048152747,2.476923076923077,0.6090509055433706,1.000234919008015,2.476923076923077,2.9047397978810214,1,98.33754524076373,101.24228503864475
2025-09-12-001,2025-09-12,2.0248457007728953,1.9090909090909092,0.6012352950331583,0.2992981854377494,0.0,-2.0248457007728953,0,101.24228503864475,99.21743933787185
2025-09-13-001,2025-09-13,1.984348786757437,2.214814814814815,0.5504009317093179,0.4346440939773546,2.214814814814815,2.410616303912738,1,99.21743933787185,101.62805564178458
2025-09-14-001,2025-09-14,2.0325611128356917,2.555555555555555,0.44167110264300236,0.26162118511929017,0.0,-2.0325611128356917,0,101.62805564178458,99.59549452894889
2025-09-20-001,2025-09-20,1.9919098905789778,2.095238095238095,0.5600551004824602,0.3454943443014738,2.095238095238095,2.1816155944436417,1,99.59549452894889,101.77711012339253
2025-09-21-001,2025-09-21,2.035542202467851,2.333333333333333,0.5214612963057916,0.4411895738948893,2.333333333333333,2.714056269957134,1,101.77711012339253,104.49116639334967
2025-09-27-001,2025-09-27,2.0898233278669935,2.555555555555555,0.5472213071823022,0.8326994082302542,2.555555555555555,3.2508362877930996,1,104.49116639334967,107.74200268114278
2025-09-28-001,2025-09-28,2.1548400536228556,2.833333333333333,0.5061535934468937,0.9354200496365762,0.0,-2.1548400536228556,0,107.74200268114278,105.58716262751992
2025-09-29-001,2025-09-29,2.1117432525503985,2.746153846153846,0.471877399402942,0.6247548811158216,0.0,-2.1117432525503985,0,105.58716262751992,103.47541937496952
2025-10-02-001,2025-10-02,2.0695083874993903,2.5,0.49760673593030824,0.5049948967105273,0.0,-2.0695083874993903,0,103.47541937496952,101.40591098747012
2025-10-03-001,2025-10-03,2.0281182197494023,2.351111111111111,0.6044659929690794,0.8541758828860537,2.351111111111111,2.7402130613503033,1,101.40591098747012,104.14612404882043
2025-10-04-001,2025-10-04,2.0829224809764084,2.5,0.5761795633368308,0.9174209329072298,2.5,3.1243837214646124,1,104.14612404882043,107.27050777028504
2025-10-05-001,2025-10-05,2.145410155405701,2.692307692307692,0.5470867348507897,1.014619866846765,2.692307692307692,3.6306941091481084,1,107.27050777028504,110.90120187943315
2025-10-17-001,2025-10-17,2.218024037588663,1.9259259259259258,0.6251599760337323,0.4525030889824804,1.9259259259259258,2.0537259607302434,1,110.90120187943315,112.95492784016339
2025-10-18-001,2025-10-18,2.2590985568032678,2.6066666666666665,0.5275703573880296,0.8476139251841014,2.6066666666666665,3.6296183479305832,1,112.95492784016339,116.58454618809398
2025-10-19-001,2025-10-19,2.3316909237618795,2.692307692307692,0.589483451110173,1.3688677257111739,2.692307692307692,3.945938486366257,1,116.58454618809398,120.53048467446024
2025-10-22-001,2025-10-22,2.4106096934892047,2.142857142857143,0.604560319990098,0.7123023800830787,2.142857142857143,2.7549825068448053,1,120.53048467446024,123.28546718130505
2025-10-23-001,2025-10-23,2.4657093436261013,2.272727272727273,0.6860387563458864,1.3787728645822683,2.272727272727273,3.138175528251402,1,123.28546718130505,126.42364270955645
2025-10-24-001,2025-10-24,2.5284728541911288,1.9090909090909092,0.6127845407304278,0.4294899286090675,1.9090909090909092,2.298611685628299,1,126.42364270955645,128.72225439518473
2025-10-25-001,2025-10-25,2.574445087903695,2.5384615384615383,0.5456807902436513,0.9916497267273637,2.5384615384615383,3.9606847506210685,1,128.72225439518473,132.6829391458058
2025-10-26-001,2025-10-26,2.653658782916116,2.692307692307692,0.6572556931857697,2.042082140125524,2.692307692307692,4.490807171088811,1,132.6829391458058,137.1737463168946
2025-10-29-001,2025-10-29,2.743474926337892,2.1666666666666665,0.5319699703946174,0.418658670237185,2.1666666666666665,3.200720747394207,1,137.1737463168946,140.3744670642888
2025-10-31-001,2025-10-31,2.8074893412857764,2.0769230769230766,0.539627552733777,0.33904621788603856,2.0769230769230766,3.02345005984622,1,140.3744670642888,143.39791712413503
2025-11-01-001,2025-11-01,2.8679583424827007,2.7777777777777772,0.5134343472880826,1.222342545356233,2.7777777777777772,5.098592608858133,1,143.39791712413503,148.49650973299316
2025-11-02-001,2025-11-02,2.969930194659863,2.4555555555555553,0.5821155620602412,1.2753388184984453,0.0,-2.969930194659863,0,148.49650973299316,145.5265795383333
2025-11-03-001,2025-11-03,2.910531590766666,2.833333333333333,0.44255326388180793,0.7389866320872127,0.0,-2.910531590766666,0,145.5265795383333,142.61604794756664
2025-11-06-001,2025-11-06,2.8523209589513328,2.7777777777777772,0.5982907737676165,1.8880049120613964,2.7777777777777772,5.070792815913479,1,142.61604794756664,147.68684076348012
2025-11-07-001,2025-11-07,2.9537368152696026,2.333333333333333,0.5207661478868266,0.6354108521024565,2.333333333333333,3.9383157536928026,1,147.68684076348012,151.6251565171729
2025-11-08-001,2025-11-08,3.0325031303434584,2.357142857142857,0.5878892593452625,1.1697546293403693,2.357142857142857,4.115539962608979,1,151.6251565171729,155.7406964797819
2025-11-09-001,2025-11-09,3.1148139295956376,2.833333333333333,0.5279655966611715,1.5446440890822473,2.833333333333333,5.710492204258668,1,155.7406964797819,161.45118868404055
2025-11-21-001,2025-11-21,3.229023773680811,1.7999999999999996,0.6583297092647548,0.5973483341644737,1.7999999999999996,2.583219018944648,1,161.45118868404055,164.0344077029852
2025-11-22-001,2025-11-22,3.2806881540597037,2.6066666666666665,0.5631364172040612,1.535063275667134,2.6066666666666665,5.270972300855924,1,164.0344077029852,169.30538000384112
2025-11-23-001,2025-11-23,3.3861076000768224,2.4555555555555553,0.6176110133000967,1.7491892162773957,2.4555555555555553,4.928667729000707,1,169.30538000384112,174.23404773284182
2025-11-24-001,2025-11-24,3.4846809546568362,1.8181818181818183,0.6439253094743479,0.5950904310645626,1.8181818181818183,2.8511025992646846,1,174.23404773284182,177.0851503321065
2025-11-27-001,2025-11-27,3.5417030066421304,2.2615384615384615,0.6332499250476634,1.530437378497721,2.2615384615384615,4.467994562225456,1,177.0851503321065,181.55314489433198
2025-11-28-001,2025-11-28,3.6310628978866397,2.095238095238095,0.5698997052337358,0.7047006120368363,2.095238095238095,3.9768784119710805,1,181.55314489433198,185.53002330630306
2025-11-29-001,2025-11-29,3.710600466126061,2.077777777777778,0.6666903564742931,1.4294509714474273,2.077777777777778,3.9992027246025335,1,185.53002330630306,189.5292260309056
2025-11-30-001,2025-11-30,3.7905845206181117,2.407407407407407,0.5099366328459367,0.8628326628087534,2.407407407407407,5.334896732721785,1,189.5292260309056,194.86412276362736
2025-12-01-001,2025-12-01,3.8972824552725474,2.4230769230769234,0.5111895761850369,0.9300929483736712,2.4230769230769234,5.546132724810934,1,194.86412276362736,200.4102554884383
2025-12-03-001,2025-12-03,4.008205109768766,2.555555555555555,0.4496997071406186,0.598154809399959,0.0,-4.008205109768766,0,200.4102554884383,196.40205037866954
2025-12-05-001,2025-12-05,3.928041007573391,2.0444444444444443,0.6689387281622006,1.443979559789062,2.0444444444444443,4.102620607909985,1,196.40205037866954,200.50467098657953
2025-12-06-001,2025-12-06,4.01009341973159,2.3181818181818183,0.6336254587847238,1.8801684632319813,2.3181818181818183,5.286032235100733,1,200.50467098657953,205.79070322168025
2025-12-07-001,2025-12-07,4.115814064433605,2.476923076923077,0.6401808219069044,2.410544429784879,2.476923076923077,6.078740772086556,1,205.79070322168025,211.8694439937668
2025-12-08-001,2025-12-08,4.237388879875336,2.272727272727273,0.556122799281303,1.1183124053967939,2.272727272727273,5.393040392568611,1,211.8694439937668,217.26248438633542
2025-12-11-001,2025-12-11,4.345249687726708,2.272727272727273,0.6353429546384458,1.9291225287325446,0.0,-4.345249687726708,0,217.26248438633542,212.9172346986087
2025-12-12-001,2025-12-12,4.258344693972174,2.692307692307692,0.4502729908212507,0.9039334633811256,2.692307692307692,7.206429482106755,1,212.9172346986087,220.12366418071545
2025-12-13-001,2025-12-13,4.4024732836143095,2.746153846153846,0.485632490824126,1.4687598836430604,2.746153846153846,7.687395656772678,1,220.12366418071545,227.81105983748813
2025-12-14-001,2025-12-14,4.556221196749763,2.833333333333333,0.4922724797077875,1.7986686720102716,2.833333333333333,8.35307219404123,1,227.81105983748813,236.16413203152936
2025-12-15-001,2025-12-15,4.723282640630587,2.222222222222222,0.5437560005430425,0.984080199599787,0.0,-4.723282640630587,0,236.16413203152936,231.44084939089876
2025-12-19-001,2025-12-19,4.6288169878179755,2.1666666666666665,0.5329562280570828,0.7162561702690579,0.0,-4.6288169878179755,0,231.44084939089876,226.8120324030808
2025-12-20-001,2025-12-20,4.536240648061616,2.5384615384615383,0.573683646700236,2.0697680865971813,2.5384615384615383,6.97883176624864,1,226.8120324030808,233.79086416932944
2025-12-21-001,2025-12-21,4.675817283386589,1.8666666666666665,0.6555999627463873,1.046385238634779,1.8666666666666665,4.052374978935043,1,233.79086416932944,237.84323914826447
2025-12-26-001,2025-12-26,4.756864782965289,2.272727272727273,0.5726041405565314,1.4335908324744182,2.272727272727273,6.054191541955824,1,237.84323914826447,243.8974306902203
2025-12-27-001,2025-12-27,4.8779486138044055,2.7777777777777772,0.5497167775031857,2.5706352551030642,2.7777777777777772,8.671908646763384,1,243.8974306902203,252.56933933698366
2025-12-28-001,2025-12-28,5.051386786739673,2.333333333333333,0.5254119601910374,1.1414176243029872,2.333333333333333,6.735182382319563,1,252.56933933698366,259.30452171930324
2025-12-29-001,2025-12-29,5.186090434386065,2.4555555555555553,0.507025681519731,1.270746334044813,2.4555555555555553,7.54864274338416,1,259.30452171930324,266.8531644626874
2025-12-30-001,2025-12-30,5.337063289253748,2.6714285714285713,0.49622333142658565,1.7378822229611206,2.6714285714285713,8.920520069181263,1,266.8531644626874,275.77368453186864
2026-01-01-001,2026-01-01,5.515473690637373,1.971428571428571,0.6388007512148579,1.4304383906500766,1.971428571428571,5.357888728047732,1,275.77368453186864,281.13157325991637
2026-01-03-001,2026-01-03,5.622631465198327,2.5384615384615383,0.4990738770831788,1.5005669960810046,0.0,-5.622631465198327,0,281.13157325991637,275.50894179471806
2026-01-04-001,2026-01-04,5.5101788358943615,2.214814814814815,0.573683646700236,1.4910711424416025,2.214814814814815,6.693846882123521,1,275.50894179471806,282.2027886768416
2026-01-07-001,2026-01-07,5.644055773536832,2.4095238095238094,0.5261402442655037,1.5111815167889686,2.4095238095238094,7.955430995080486,1,282.2027886768416,290.15821967192204
2026-01-10-001,2026-01-10,5.803164393438441,2.7777777777777772,0.5076788980975048,2.380569230837953,2.7777777777777772,10.316736699446114,1,290.15821967192204,300.47495637136814
2026-01-11-001,2026-01-11,6.009499127427363,1.9384615384615385,0.5776901641049126,0.7201192675894396,1.9384615384615385,5.639683796508756,1,300.47495637136814,306.11464016787687
2026-01-12-001,2026-01-12,6.122292803357538,2.692307692307692,0.4221091088430598,0.8353721639927305,0.0,-6.122292803357538,0,306.11464016787687,299.99234736451933
2026-01-16-001,2026-01-16,5.999846947290386,2.1666666666666665,0.5458732931605376,1.0963248444589158,2.1666666666666665,6.99982143850545,1,299.99234736451933,306.9921688030248
2026-01-17-001,2026-01-17,6.1398433760604965,2.555555555555555,0.5835571489603447,3.0165831126871883,2.555555555555555,9.550867473871879,1,306.9921688030248,316.5430362768967
2026-01-18-001,2026-01-18,6.330860725537934,2.351111111111111,0.5493847992838209,1.8464886314289641,0.0,-6.330860725537934,0,316.5430362768967,310.21217555135877
2026-01-19-001,2026-01-19,6.204243511027175,2.55,0.5407187639256086,2.350371239031859,0.0,-6.204243511027175,0,310.21217555135877,304.0079320403316
2026-01-20-001,2026-01-20,6.080158640806632,2.202797202797203,0.4927394292394438,0.5192761702580161,2.202797202797203,7.31319780572546,1,304.0079320403316,311.32112984605703
2026-01-23-001,2026-01-23,6.22642259692114,2.833333333333333,0.47325758203732016,2.122565561469579,0.0,-6.22642259692114,0,311.32112984605703,305.09470724913587
2026-01-24-001,2026-01-24,6.101894144982717,2.3333333333333335,0.6441333957140095,3.069118045439301,0.0,-6.101894144982717,0,305.09470724913587,298.99281310415313
2026-01-25-001,2026-01-25,5.979856262083063,2.55,0.570516482206742,2.7197404627181823,0.0,-5.979856262083063,0,298.99281310415313,293.0129568420701
2026-01-29-001,2026-01-29,5.860259136841401,2.4555555555555553,0.5274645843889464,1.730057442665844,2.4555555555555553,8.529932743624705,1,293.0129568420701,301.5428895856948
2026-01-30-001,2026-01-30,6.030857791713896,2.692307692307692,0.5583803492420656,3.0355219620418965,0.0,-6.030857791713896,0,301.5428895856948,295.5120317939809
2026-01-31-001,2026-01-31,5.910240635879618,2.746153846153846,0.6044502487200667,3.9002468470432916,0.0,-5.910240635879618,0,295.5120317939809,289.60179115810126
2026-02-01-001,2026-02-01,5.792035823162025,2.019230769230769,0.67937714165275,2.1535902902700075,0.0,-5.792035823162025,0,289.60179115810126,283.8097553349392
2026-02-02-001,2026-02-02,5.676195106698784,2.3333333333333335,0.5187997874651649,1.1950254615555382,0.0,-5.676195106698784,0,283.8097553349392,278.1335602282404
2026-02-05-001,2026-02-05,5.562671204564809,2.6190476190476186,0.47134464626582695,1.3043021771722652,0.0,-5.562671204564809,0,278.1335602282404,272.5708890236756
2026-02-06-001,2026-02-06,5.451417780473512,2.55,0.552263112375073,2.225655442794329,2.55,8.449697559733941,1,272.5708890236756,281.0205865834095
2026-02-07-001,2026-02-07,5.620411731668191,2.2666666666666666,0.5739345992362032,1.691285445782001,0.0,-5.620411731668191,0,281.0205865834095,275.4001748517413
2026-02-08-001,2026-02-08,5.508003497034827,2.476923076923077,0.5163982283005768,1.5371663925357695,0.0,-5.508003497034827,0,275.4001748517413,269.8921713547065
2026-02-09-001,2026-02-09,5.39784342709413,2.7777777777777772,0.4892278802886208,1.9376440672589954,0.0,-5.39784342709413,0,269.8921713547065,264.49432792761235
2026-02-10-001,2026-02-10,5.289886558552247,2.6714285714285713,0.484843404576278,1.561704239431074,0.0,-5.289886558552247,0,264.49432792761235,259.2044413690601
2026-02-11-001,2026-02-11,5.184088827381202,2.555555555555555,0.4601540644044517,0.9121366743435596,2.555555555555555,8.06413817592631,1,259.2044413690601,267.2685795449864
2026-02-13-001,2026-02-13,5.3453715908997275,1.9206349206349207,0.7076896966179805,1.92012987475707,0.0,-5.3453715908997275,0,267.2685795449864,261.92320795408665
2026-02-14-001,2026-02-14,5.238464159081733,2.333333333333333,0.6095119224727894,2.211650681867259,0.0,-5.238464159081733,0,261.92320795408665,256.6847437950049
2026-02-15-001,2026-02-15,5.133694875900098,2.7777777777777772,0.5327278962966155,2.4631453226192725,2.7777777777777772,9.126568668266838,1,256.6847437950049,265.81131246327175
2026-02-16-001,2026-02-16,5.316226249265435,2.1428571428571423,0.6169438018695134,1.7119441089209646,0.0,-5.316226249265435,0,265.81131246327175,260.49508621400634
2026-02-17-001,2026-02-17,5.209901724280127,2.407407407407407,0.5898781562090621,2.188560109226182,0.0,-5.209901724280127,0,260.49508621400634,255.28518448972622
2026-02-18-001,2026-02-18,5.105703689794525,2.1666666666666665,0.5426390723985078,0.897163990910911,0.0,-5.105703689794525,0,255.28518448972622,250.1794807999317
2026-02-19-001,2026-02-19,5.003589615998634,2.476923076923077,0.4986694996958062,1.1766741133767562,0.0,-5.003589615998634,0,250.1794807999317,245.17589118393306
2026-02-20-001,2026-02-20,4.903517823678661,2.7777777777777772,0.5863781655123007,3.083470470781233,2.7777777777777772,8.717365019873172,1,245.17589118393306,253.89325620380623
2026-02-21-001,2026-02-21,5.077865124076125,2.555555555555555,0.6425456442577999,3.2602996209111232,0.0,-5.077865124076125,0,253.89325620380623,248.81539107973012
2026-02-22-001,2026-02-22,4.976307821594602,2.045454545454546,0.6905870094008157,2.053047139168158,0.0,-4.976307821594602,0,248.81539107973012,243.83908325813553
2026-02-23-001,2026-02-23,4.876781665162711,2.3,0.4771055415208399,0.4747193164809131,2.3,6.339816164711523,1,243.83908325813553,250.17889942284705
2026-02-24-001,2026-02-24,5.003577988456941,2.746153846153846,0.47704772953425095,1.551341628942405,0.0,-5.003577988456941,0,250.17889942284705,245.1753214343901
2026-02-25-001,2026-02-25,4.903506428687802,2.1666666666666665,0.5730837034470708,1.1850860900415365,0.0,-4.903506428687802,0,245.1753214343901,240.2718150057023
2026-02-26-001,2026-02-26,4.805436300114046,1.7045454545454546,0.6617546303038598,0.6150518627792243,1.7045454545454546,3.385648302353078,1,240.2718150057023,243.65746330805538
2026-02-27-001,2026-02-27,4.873149266161108,2.5,0.5058013695404964,1.2889646658377751,0.0,-4.873149266161108,0,243.65746330805538,238.78431404189428
2026-03-01-001,2026-03-01,4.775686280837886,2.022222222222222,0.47480765939186154,-0.19023182140464298,2.022222222222222,4.881812642634283,1,238.78431404189428,243.66612668452856
2026-03-02-001,2026-03-02,4.873322533690572,1.7532467532467533,0.434470793392716,-1.1611445916697356,0.0,-4.873322533690572,0,243.66612668452856,238.79280415083798
2026-03-04-001,2026-03-04,4.77585608301676,2.045454545454546,0.5458583854963274,0.5565234209707599,2.045454545454546,4.992940450426614,1,238.79280415083798,243.78574460126458
