fixture_id,flashscore_id,match_datetime_utc,league_code,home_team,away_team,p_o15,p_o25,p_o35,p_o45,p_u15,p_u25,p_c85,p_btts,p_1x2_h,p_1x2_d,p_1x2_a,p_dc_1x,p_dc_x2,p_dc_12,p_ho15,p_ao15,p_h_1up,p_a_1up,p_h_2up,p_a_2up,p_home_or_o25,p_away_or_o25,p_home_or_o15,p_away_or_o15,p_home_and_o25,p_away_and_o25
20337,t4kl8pdt,2026-02-27 01:00:00+00:00,BR1,Santos,Vasco,0.7732639595055703,0.507337039369271,0.34121267408623734,0.11017683449703453,0.22606263982102912,0.4926629606307289,0.5856520765311684,0.5387664241273858,0.26115852602212425,0.19954615479045934,0.49807064504277543,0.4966729038581485,0.7388414739778758,0.8004538452095407,0.37008613869926243,0.420078124881116,0.43470526552225247,0.6424879236936062,0.1494643235745048,0.32649585904639483,0.705091501223368,0.7080176775110191,0.8593668302311329,0.8408886852357602,0.1699807856965533,0.22872207068796335
21021,04Yd0IN6,2026-02-27 01:00:00+00:00,JP1,Machida,Chiba,0.7240669788562508,0.5322146490982408,0.27939228842190666,0.1115392084154669,0.27451661766016217,0.46778535090175916,0.5943206768028221,0.5690990899460808,0.5212805999371438,0.25652061065719395,0.23540666912759933,0.7678711636012719,0.47871940006285624,0.7434793893428061,0.5309170950963132,0.22248480613260488,0.5065435820370293,0.5670395879488271,0.20129010078098203,0.25224092103685963,0.7073148238561773,0.6303132048638704,0.874940701891436,0.8039535373201842,0.25515137842426305,0.11672566000911812
21022,8Uy5bdhJ,2026-02-27 01:00:00+00:00,JP1,Vissel Kobe,Avispa Fukuoka,0.6999154603778869,0.4737957518842175,0.21831061325100562,0.09812179015768914,0.2789573254514206,0.5262042481157824,0.603524513777144,0.40799774937705974,0.5062834076391136,0.2820356853203569,0.18352651212363438,0.8052638740071772,0.4939712463826637,0.7179643146796432,0.3945881367162681,0.24926828275426924,,,,,0.6166666666666667,0.5615302300695559,0.8442437250002558,0.796646497632648,0.2943089590148414,0.11059378779831487
21023,M9JiMapQ,2026-02-27 01:00:00+00:00,JP1,Sanfrecce Hiroshima,Kyoto,0.782236168208426,0.5312496493286364,0.30368308256556414,0.1711794524104363,0.216347428307987,0.46875035067136356,0.6011269562494599,0.5769712602386333,0.48039108329497004,0.25652061065719395,0.22017533054118418,0.7831025021876871,0.5196089167050298,0.7434793893428061,0.4204929153152379,0.33863429277375295,,,,,0.6913024470174046,0.6366234658060365,0.8691977153285779,0.8375277494850439,0.30890598200881086,0.18562400362215448
20338,zyMP7y2c,2026-02-27 02:00:00+00:00,BR1,Coritiba,Sao Paulo,0.7512676970508295,0.49424589225750526,0.31474574504447067,0.09540561529444958,0.2514202468135849,0.5057541077424945,0.5561579482565523,0.516192540512598,0.2727327344419464,0.2665657008234849,0.4143243700321326,0.5944919278252612,0.7272672655580535,0.733434299176515,0.37683270167072497,0.46790720965589516,,,,,0.656500952769838,0.6913842675193811,0.857176549680629,0.7535125921900026,0.1739050032654684,0.20905348348702144
26201,tst_cl_f8327240e5,2026-02-27 02:01:57.871869+00:00,CL,Home f8327240e5,CL Opponent f8327240e5,0.8223224266871307,0.5564998462206243,0.39808472731951233,0.21317079241897266,0.17669966735758777,0.4435001537793756,0.6031143094563253,0.5774616051117047,0.5212805999371438,0.24865897543706814,0.25049596791255035,0.7491682836810969,0.47871940006285624,0.7513410245629318,0.5850968511184247,0.3700366756904166,,,,,0.7380314899784679,0.6577178684793864,0.8951149351806414,0.8375277494850439,0.36072435256438123,0.2072307253982787
26206,tst_cl_b593f75c0b,2026-02-27 02:02:51.238299+00:00,CL,Home b593f75c0b,CL Opponent b593f75c0b,0.8223224266871307,0.5564998462206243,0.39808472731951233,0.21317079241897266,0.17669966735758777,0.4435001537793756,0.6031143094563253,0.5774616051117047,0.5212805999371438,0.24865897543706814,0.25049596791255035,0.7491682836810969,0.47871940006285624,0.7513410245629318,0.5850968511184247,0.3700366756904166,,,,,0.7380314899784679,0.6577178684793864,0.8951149351806414,0.8375277494850439,0.36072435256438123,0.2072307253982787
22023,40L9e0Fi,2026-02-27 13:00:00+00:00,RO1,FC Hermannstadt,FC Botosani,0.6889559611231778,0.4396334557144233,0.24642999773536042,0.093839350920896,0.3096276353932352,0.5603665442855765,0.6069234858708542,0.5112570471569055,0.3829162696519292,0.2511278075929239,0.32992742459714874,0.6697368269964984,0.6173383843698481,0.7488721924070761,0.3705613666513787,0.3156222504549971,,,,,0.6547292780748662,0.6517202056950665,0.819791280643218,0.7790820376336555,0.2073961652278734,0.1327250668867437
22183,SA0ygTas,2026-02-27 13:30:00+00:00,RU1,Zenit,Baltika,0.7121578614952169,0.3935403050108932,0.20157654523200338,0.0742930854725079,0.2893636420026992,0.6064596949891067,0.6071680492666535,0.38325228133832634,0.6133351085863069,0.24865897543706814,0.2075575198755724,0.8073393390086282,0.38666489141369315,0.7513410245629318,0.4522347822658683,0.2101391271202592,,,,,0.7320053768214541,0.5235197527286777,0.861610604096574,0.7505131436581184,0.21032298951362885,0.08042199229052545
19886,EeIGt0O6,2026-02-27 14:00:00+00:00,T1,Trabzonspor,Karagumruk,0.7518447566340286,0.5142411439714007,0.32098148168102797,0.1398130865614152,0.2467388398823844,0.4857588560285992,0.6345307412435485,0.5256954244951713,0.5495918607654557,0.22147193295180911,0.18352651212363438,0.8197513206052368,0.4504081392345443,0.778528067048191,0.4919679715618677,0.2208001696707715,,,,,0.6807427773746939,0.6493065066537754,0.8811678864959477,0.7991295477504319,0.3877154949590267,0.11059378779831487
19887,QVqTk41K,2026-02-27 14:00:00+00:00,T1,Basaksehir,Konyaspor,0.712595187393983,0.5062482259946615,0.2815326627305658,0.15334162622042186,0.28598840912243,0.4937517740053385,0.6111514964408807,0.5617727935541375,0.5337167689321719,0.23891871569680836,0.1896421506409157,0.8136356820879556,0.46628323106782815,0.7610812843031916,0.4919679715618677,0.24926828275426924,,,,,0.6965304544526937,0.628255591695146,0.8591197861373283,0.7991295477504319,0.36072435256438123,0.0769516442090069
21690,6HgBXY1d,2026-02-27 16:00:00+00:00,PL1,Cracovia,Piast Gliwice,0.7223575771468491,0.4396334557144233,0.20957188358256026,0.0945254572673797,0.27622601936956387,0.5603665442855765,0.5956766167225892,0.5256954244951713,0.2963305103983716,0.27113328020666355,0.37107115044391176,0.6470266332736513,0.7036694896016283,0.7288667197933364,0.37008613869926243,0.375238760773352,,,,,0.6399630192754578,0.6282121039804255,0.819791280643218,0.8178712097164619,0.18112479084701305,0.25209934484713786
22024,xfTNXdNp,2026-02-27 16:00:00+00:00,RO1,U. Cluj,Otelul,0.6889559611231778,0.45895761090841586,0.22530761512906708,0.09676798921288193,0.3096276353932352,0.5410423890915841,0.6071680492666535,0.5507705479225048,0.42809446653900923,0.25652061065719395,0.28085314299873076,0.7372446407188323,0.5721601874827681,0.7434793893428061,0.42907027669007464,0.26960550138926503,,,,,0.6747750097821834,0.6334974985738959,0.8658364251026756,0.8006277652728885,0.25515137842426305,0.17183682137940873
4152,0CjIXSvI,2026-02-27 16:30:00+00:00,D2,Dusseldorf,Bochum,0.8259882765068268,0.5880041152263374,0.35004228079605587,0.12277477747774777,0.17669966735758777,0.4119958847736625,0.6011269562494599,0.5826668429405559,0.3534998698933125,0.24431418652790693,0.3570153810027005,0.6457297170365152,0.6425318761384337,0.755685813472093,0.3945881367162681,0.420078124881116,,,,,0.7214440511125032,0.6873723502751746,0.8733138789158268,0.8954047051608027,0.25629301763114065,0.24886219145701496
4153,SvnXRc8d,2026-02-27 16:30:00+00:00,D2,SG Dynamo Dresden,Darmstadt,0.7955923909663581,0.5312496493286364,0.3201772280275968,0.15899179475515615,0.20342970307836028,0.46875035067136356,0.6111514964408807,0.5769712602386333,0.38300044139630146,0.26179597154575934,0.3465819879881189,0.6641438421617489,0.617254212625476,0.7382040284542407,0.4407445168345288,0.41633776162341496,,,,,0.7150376050389283,0.6477437049082794,0.8502141155099281,0.849852102503123,0.230529552751775,0.27044981873300195
4891,ttoBMgQs,2026-02-27 17:00:00+00:00,I2,Monza,Entella,0.7357137999047813,0.4970873531588422,0.24379358744904556,0.1091463864183216,0.26330829413993717,0.5029126468411578,0.6043452169942428,0.5256954244951713,0.5409892973661176,0.2395444572501814,0.22086075622660986,0.7679296299042018,0.4590107026338824,0.7604555427498186,0.4277327842488626,0.341157122607104,,,,,0.7193996768527726,0.6334974985738959,0.8593668302311329,0.7628374966761974,0.30408183012583545,0.13073645769933048
22592,f1zdLWod,2026-02-27 17:30:00+00:00,CH2,Bellinzona,Yverdon,0.8016933965638843,0.5555496453900709,0.3201772280275968,0.10055255525552555,0.19689019995252877,0.44445035460992904,0.6111514964408807,0.5769712602386333,0.38300044139630146,0.24865897543706814,0.3901234567901235,0.5962564715252886,0.617254212625476,0.7513410245629318,0.33897657037445933,0.4201038436423528,,,,,0.6817458490761554,0.6592566011732292,0.8759443098755554,0.8375277494850439,0.2403024238627691,0.24886219145701496
12129,ddDMTXqo,2026-02-27 18:00:00+00:00,F2,Grenoble,Boulogne,0.730357753949518,0.4737957518842175,0.24666511205970063,0.11017683449703453,0.26822584256689513,0.5262042481157824,0.6341205369227297,0.5409605618075527,0.21924644335647572,0.25652061065719395,0.44942528735632187,0.5369546409590903,0.7807535566435243,0.7434793893428061,0.32825734492494335,0.41805694289388984,,,,,0.5652241872097178,0.6592566011732292,0.8373747670589541,0.8678619620343772,0.1699807856965533,0.24886219145701496
12130,KSmewYx0,2026-02-27 18:00:00+00:00,F2,Laval,Nancy,0.7223575771468491,0.4396334557144233,0.24379358744904556,0.10921742932823919,0.28337037302554546,0.5603665442855765,0.5963726147126923,0.5104969578106755,0.23663767338313021,0.26533371648487486,0.44029286726499767,0.5685234305923962,0.7633623266168698,0.7346662835151251,0.2522222222222222,0.4207021706509786,,,,,0.5836460581042625,0.636666953520757,0.825502535448637,0.8375277494850439,0.175023185948631,0.24886219145701496
12131,OEZKggNt,2026-02-27 18:00:00+00:00,F2,Montpellier,Reims,0.7142240800662898,0.38114606075644014,0.2544433193358026,0.09676798921288193,0.28809509775027015,0.6188539392435598,0.6011269562494599,0.5256954244951713,0.273829706798243,0.2453251708480464,0.41609195402298854,0.5702879742924236,0.726170293201757,0.7546748291519535,0.2522222222222222,0.375238760773352,,,,,0.6045637369166782,0.5995960736909551,0.8480735678749207,0.7835902329730514,0.1567500164657841,0.2132263145632325
12132,UZ2BwsXr,2026-02-27 18:00:00+00:00,F2,Clermont,Dunkerque,0.7121578614952169,0.42134002416132327,0.24635743943293228,0.10833727130116931,0.29016131632134307,0.5786599758386767,0.5956766167225892,0.5226320197839766,0.273829706798243,0.25652061065719395,0.4472840176041479,0.5593826490625188,0.726170293201757,0.7434793893428061,0.30050267479213,0.3923561079836022,,,,,0.6133449461289219,0.6168309100576984,0.8454489791691225,0.7615442630961028,0.1699807856965533,0.23336643533228407
12133,x6kSZbW7,2026-02-27 18:00:00+00:00,F2,Bastia,Annecy,0.7233618523651394,0.4737957518842175,0.29099141407255485,0.0945254572673797,0.2789573254514206,0.5262042481157824,0.6043452169942428,0.5393955752954336,0.24952036696728386,0.26533371648487486,0.4143243700321326,0.5804191788687912,0.750479633032716,0.7346662835151251,0.2823837471140376,0.4483266154976194,,,,,0.586935531788473,0.6875631320564736,0.825502535448637,0.8178712097164619,0.16158877131099353,0.2470394333682722
19051,tWX5oCEE,2026-02-27 18:00:00+00:00,N1,Telstar,NAC Breda,0.7752474577440993,0.55243542273468,0.3653513573808307,0.1566992059457134,0.2274404861203151,0.44756457726532,0.6011269562494599,0.5256954244951713,0.2324842964700123,0.2591985805633922,0.650997150997151,0.3408406895533364,0.7675157035299877,0.7408014194366078,0.30040022234574765,0.7888888888888889,,,,,0.7111176143803816,0.828477207890932,0.8893680375231768,0.8619999743600454,0.16203321575543797,0.3227375914193715
22593,neNsqzv3,2026-02-27 18:15:00+00:00,CH2,Aarau,Rapperswil-Jona,0.76489696546937,0.5564998462206243,0.3135019630719076,0.16258230911721358,0.23368663104704304,0.4435001537793756,0.6273142574760919,0.5387664241273858,0.6521870834847934,0.23364602257507147,0.1768087855297157,0.8264690471991556,0.3478129165152066,0.7663539774249285,0.5971031080739628,0.341157122607104,,,,,0.77366541882299,0.628255591695146,0.8583889268711545,0.8375277494850439,0.3877154949590267,0.10705917109072731
3845,xbauZ7Yi,2026-02-27 18:30:00+00:00,D1,Augsburg,FC Koln,0.8586007080990359,0.5518103291507547,0.35986116130239926,0.17813810708819647,0.14042138594568263,0.4481896708492454,0.6341205369227297,0.5690990899460808,0.4793819814176845,0.257472081264749,0.2682031210416983,0.7350747116871729,0.5206180185823155,0.7425279187352509,0.6191249565220295,0.341157122607104,,,,,0.7381455043590588,0.6513641198224999,0.8953481780338839,0.8619999743600454,0.340721923740535,0.12231029399803643
5527,MmEchzld,2026-02-27 18:30:00+00:00,SP2,Albacete,Almeria,0.76489696546937,0.524493255980023,0.27469757531918737,0.12147685192513306,0.23368663104704304,0.475506744019977,0.6031143094563253,0.5769712602386333,0.4345678123399897,0.2665657008234849,0.34344533987983467,0.6659254767198975,0.5614639336917562,0.733434299176515,0.4364270806254206,0.3820978512372852,,,,,0.6767361111111111,0.6577178684793864,0.8684668560624041,0.8203063665858695,0.30890598200881086,0.2268993125992206
21691,Kp3yLeIj,2026-02-27 18:30:00+00:00,PL1,Arka Gdynia,Lechia Gdansk,0.7992582407860542,0.6174942217712386,0.3642485588256166,0.12282483434168827,0.20006835854054517,0.3825057782287615,0.6340003568583398,0.5826668429405559,0.25061733932358043,0.2438892461593426,0.518723231360258,0.47602031754066604,0.7493826606764196,0.7561107538406574,0.37008613869926243,0.6019140989729225,,,,,0.6636234702531811,0.7705372584404843,0.8561995123398173,0.8903012217395716,0.2080631302853525,0.2901184059339439
4511,pSb6xJq9,2026-02-27 18:45:00+00:00,I1,Parma,Cagliari,0.7315632828053458,0.48947428246660984,0.14399834007677145,0.11835416195256095,0.27075589501121416,0.5105257175333902,0.6043452169942428,0.5387664241273858,0.4140424987199181,0.26533371648487486,0.3440015215283418,0.666724308621526,0.5853942652329748,0.7346662835151251,0.4114643889960623,0.30828620890202946,,,,,0.629534136887078,0.6529028525163426,0.825502535448637,0.8555376090162982,0.1979106258915878,0.17291508460385144
5899,dEAxVMcn,2026-02-27 18:45:00+00:00,F1,Strasbourg,Lens,0.8016933965638843,0.599365292311877,0.34356732254903183,0.17152727437477347,0.19689019995252877,0.4006347076881231,0.6226429289849449,0.5826668429405559,0.3829162696519292,0.25775259499580394,0.3104166028331853,0.6892476487604619,0.6173383843698481,0.742247405004196,0.3316122431169331,0.3896172698486924,,,,,0.689185880814791,0.6577178684793864,0.8968233413153724,0.8518140054539011,0.2288800040434027,0.31838417252727624
19341,0f1dkRME,2026-02-27 18:45:00+00:00,B1,St. Liege,RAAL La Louviere,0.7789332245853986,0.5809675767949345,0.26603204550839915,0.11923431997963081,0.22375471927901594,0.4190324232050655,0.65655919301937,0.5387664241273858,0.4598003431660984,0.23706365757165382,0.3209844724449535,0.6678059136858581,0.5401996568339016,0.7629363424283463,0.4522347822658683,0.3700366756904166,,,,,0.727470164269517,0.7101527797089459,0.8691977153285779,0.8557748230206507,0.3237670222067639,0.1930883165784583
19580,p0AdAXhT,2026-02-27 18:45:00+00:00,P1,FC Porto,Arouca,0.6808224640426185,0.4870447344507444,0.26603204550839915,0.09670935937531629,0.32149671377394146,0.5129552655492555,0.6024828961692269,0.5104969578106755,0.6266684419196402,0.22936594477874336,0.17559000418712647,0.8276878285417447,0.3733315580803598,0.7706340552212566,0.546851260406496,0.13699828997052219,,,,,0.727470164269517,0.5865638008432209,0.8591197861373283,0.7460049483187223,0.3877154949590267,0.12199566306375968
4892,ALxSIBP6,2026-02-27 19:00:00+00:00,I2,Sampdoria,Bari,0.6889559611231778,0.47482647552511,0.24355847312470535,0.11017683449703453,0.3167719890492168,0.52517352447489,0.6011269562494599,0.5104969578106755,0.5234375,0.243978614328213,0.22400192400192398,0.7792759087269473,0.4765625,0.7560213856717871,0.4017953933000833,0.21391474740073382,,,,,0.720190905430417,0.6477002171935587,0.8658364251026756,0.7790820376336555,0.3137307813458896,0.08215648177720998
5129,84QhNDWA,2026-02-27 19:00:00+00:00,SP1,Levante,Alaves,0.7202913585757762,0.47776319796484973,0.28140981689053546,0.11241936644253676,0.2854365915966184,0.5222368020351502,0.6011269562494599,0.5104969578106755,0.31124213477154655,0.2665657008234849,0.3631250173935568,0.6380621972183154,0.6887578652284535,0.733434299176515,0.35743234893703896,0.4066434902360889,,,,,0.604129610490141,0.6477002171935587,0.825502535448637,0.8331355857587052,0.1979106258915878,0.2113096767148246
21024,Iu5NGw8m,2026-02-27 19:00:00+00:00,JP1,Yokohama F. Marinos,Verdy,0.7567634683888107,0.4396334557144233,0.27939228842190666,0.11835416195256095,0.24555570942774932,0.5603665442855765,0.5943206768028221,0.5073668824715952,0.5134680999371438,0.2740243046674668,0.17559000418712647,0.8276878285417447,0.48653190006285624,0.7259756953325333,0.4132856587314227,0.23498256846855492,,,,,0.6713597670250896,0.5423146270002254,0.8604745304648526,0.8369318980119883,0.24566583908797746,0.12199566306375968
2202,Y7PQ3jLt,2026-02-27 19:45:00+00:00,E3,Harrogate,Cheltenham,0.7357137999047813,0.55243542273468,0.27593896679474833,0.13838063231267114,0.26330829413993717,0.44756457726532,0.6111514964408807,0.5523849092811512,0.46321484399796864,0.24252383951558545,0.32101630000985676,0.6828633849059059,0.5367851560020312,0.7574761604844146,0.4522347822658683,0.3503964986468153,,,,,0.6854390308943371,0.6913842675193811,0.8343984560750025,0.8390583062762329,0.3068578458086755,0.17291508460385144
20824,2cENk5ed,2026-02-27 19:45:00+00:00,IE1,Drogheda,Shelbourne,0.7491130597828196,0.4789844028254624,0.2729333045542845,0.14310324767808066,0.25088694021718033,0.5210155971745375,0.6029657613295801,0.5458810729264146,0.2923876184679593,0.3028142759112034,0.353583222686932,0.6765550223116062,0.7076123815320408,0.6983368959817836,0.3841575472457661,0.45074029244913927,,,,,0.6476080040436476,0.6749461029409366,0.8259384384384384,0.8511721874602854,0.14704023413735837,0.20520611302399303
20825,l6MABnIF,2026-02-27 19:45:00+00:00,IE1,St. Patricks,Dundalk,0.82291369571213,0.510007796348856,0.2895736964442663,0.11988304093567252,0.17708630428786984,0.4899922036511441,0.5706133010408031,0.547978834908757,0.5916527921758343,0.29387118648030913,0.21706450665692656,0.8122615407019076,0.4083472078241657,0.707279985412678,0.50588247741171,0.22882398719586508,,,,,0.6356259320384231,0.6188023642860307,0.848591960202738,0.8436187312424005,0.3442035432549948,0.09596756026132013
20826,ttJ2D8m3,2026-02-27 19:45:00+00:00,IE1,Galway,Sligo Rovers,0.8888981481481482,0.510007796348856,0.3246376794929142,0.20760233918128657,0.11110185185185184,0.4899922036511441,0.5993454092333211,0.5439624314103931,0.5094092690853534,0.24947097620585046,0.20562433248200604,0.7906869012786958,0.4905907309146465,0.7464882539115303,0.5286516120610886,0.33732044193804733,,,,,0.7292990258633741,0.6081223475603053,0.9478662707826123,0.8812044839783604,0.32303952209097364,0.1850844350844351
20827,Ys6kfUuC,2026-02-27 19:45:00+00:00,IE1,Derry City,Waterford,0.7510694373307457,0.49645342861565256,0.22868356812181648,0.11735778841042,0.24893056266925417,0.5033160814249885,0.7462797049733005,0.4393550893550892,0.6759496372172428,0.24947097620585046,0.12600528486295842,0.8702586116196368,0.3240503627827571,0.7464882539115303,0.6087470449172576,0.1273759044786195,,,,,0.7158260923275118,0.6300731526809473,0.8516806691227123,0.868295293613938,0.3305981010781241,0.06280193236714976
597,S4iAhinA,2026-02-27 20:00:00+00:00,E0,Wolves,Aston Villa,0.7990549877735281,0.5273400565226294,0.3412430886982835,0.13661293674117614,0.20094501222647185,0.47242945351801174,0.6234408931081789,0.5589840369147999,0.3164774681802545,0.2531398040333693,0.5285980137453246,0.4534874775560224,0.6835225318197454,0.7609329573551431,0.3815201948674811,0.46672829236137425,,,,,0.6556106512740698,0.7359197893469491,0.8795895310775598,0.8786741877650969,0.22107753357753357,0.2891317890354685
1112,0pURKOdf,2026-02-27 20:00:00+00:00,E1,Bristol City,Watford,0.7233618523651394,0.4250298380221654,0.196072155191652,0.0736069791260242,0.2789573254514206,0.5749701619778346,0.6043452169942428,0.5242613761612345,0.39501750562750976,0.2665657008234849,0.25049596791255035,0.7491682836810969,0.6052371483942676,0.733434299176515,0.363478568391465,0.3017939398277035,,,,,0.6544766875690123,0.5636786737662682,0.8326511656145481,0.794621352411036,0.22166021646185805,0.1158037427560748
20828,UqGFiRQq,2026-02-27 20:00:00+00:00,IE1,Bohemians,Shamrock Rovers,0.7492219033202346,0.4990890098037304,0.2631255020860867,0.08184319001052069,0.25077809667976536,0.5009109901962696,0.6175171631672804,0.5391193036354326,0.3473145397315142,0.28163075363872153,0.41049851181801894,0.5898534251333417,0.6526854602684857,0.7247980919391938,0.3029759532350206,0.3128286015919743,,,,,0.6503695428362933,0.6145288600125265,0.8482874027733381,0.8460389494965024,0.12236044657097289,0.21171200311451313
21025,E7bWEHx0,2026-02-27 20:00:00+00:00,JP1,Urawa Reds,Kashima Antlers,0.8395752202612754,0.5741152263374486,0.39808472731951233,0.20053826137330713,0.1590083762551376,0.42588477366255145,0.5856520765311684,0.5257620951230568,0.5832502708559045,0.23759419592752926,0.13386243386243385,0.8700555890429308,0.41674972914409536,0.7624058040724707,0.6477465228942022,0.1977881273520157,,,,,0.7874403258008785,0.6060519140563541,0.8922929444055794,0.8330195541456479,0.3877154949590267,0.09709809113979917
19581,ryEuEFg4,2026-02-27 20:45:00+00:00,P1,Sporting CP,Estoril,0.7530530026438372,0.5323756345079317,0.2734476691159205,0.1250673662871905,0.24596909140088116,0.4676243654920682,0.6111514964408807,0.4052197430696416,0.6378449125078756,0.2571365090650551,0.06243386243386243,0.8802184673152414,0.3621550874921245,0.742863490934945,0.6163231080781425,0.04242424242424242,,,,,0.705091501223368,0.592556606496445,0.8689553050615468,0.7783768114535778,0.4814196075005824,0.03184713375796178
21026,MX1vDe7C,2026-02-27 21:00:00+00:00,JP1,FC Tokyo,Kashiwa Reysol,0.7992582407860542,0.5576984820937021,0.30388338927422937,0.22365926480939083,0.20342970307836028,0.4423015179062979,0.5943206768028221,0.5769712602386333,0.5162455197132616,0.22237609846360162,0.2075575198755724,0.7957203128532989,0.48375448028673834,0.7776239015363985,0.41273387746416795,0.34702463337166084,,,,,0.7944033629684367,0.6180137230583626,0.8766751691417292,0.8039560717396875,0.2784229996966446,0.1841609696241204
21027,rmjmBZyP,2026-02-27 21:00:00+00:00,JP1,Gamba Osaka,Shimizu S-Pulse,0.8086490737677706,0.5143194866599122,0.33479419367667534,0.1711794524104363,0.19403887009664378,0.4856805133400878,0.6011269562494599,0.5633871549127839,0.548487275487623,0.2438892461593426,0.211809776708227,0.7740324000256663,0.4515127245123771,0.7561107538406574,0.6070748730964467,0.3024764150943396,,,,,0.7214440511125032,0.6168309100576984,0.8829023537462407,0.8805792093327228,0.3285911740897393,0.13042199229052545
21028,C2QdVxNt,2026-02-27 23:00:00+00:00,JP1,V-Varen Nagasaki,Cerezo Osaka,0.7121578614952169,0.49311990707821,0.2198527664039572,0.11017683449703453,0.29016131632134307,0.5068800929217899,0.6011269562494599,0.43163634878830565,0.4793819814176845,0.23891871569680836,0.2832924198266493,0.7163718317669979,0.5206180185823155,0.7610812843031916,0.3761298709521936,0.2950422120233441,,,,,0.6456366127955885,0.5965442356717968,0.8396477373195358,0.7615442630961028,0.23370415592637814,0.17677238172325593
22184,2TEJ56qm,2026-02-28 06:00:00+00:00,RU1,Orenburg,Akron Togliatti,0.76489696546937,0.5919841963794165,0.2600253549732081,0.1250673662871905,0.23368663104704304,0.4080158036205836,0.6043452169942428,0.5633871549127839,0.4564322801590808,0.25775259499580394,0.27188767470097397,0.7277765768926733,0.5438223738626964,0.742247405004196,0.4637019640154119,0.3346648535327781,,,,,0.7540129484939593,0.6005145277531239,0.8432560716392428,0.8178712097164619,0.3410391604834528,0.17292846114256302
21404,St1x7jDl,2026-02-28 07:00:00+00:00,MX1,Mazatlan FC,Pachuca,0.8548785929075461,0.45440414074520036,0.24742761086251389,0.11142775155599094,0.14512140709245386,0.5490750960673698,0.6031410818154281,0.5683400828562118,0.2923876184679593,0.29434626464622976,0.41049851181801894,0.5898534251333417,0.7076123815320408,0.7038442723665318,0.3561464810255088,0.3220273978894668,,,,,0.5974326216740781,0.6410712269607974,0.8445691243299124,0.8942479314420804,0.21990033423621524,0.21528450507713837
21405,YgWx5Us1,2026-02-28 07:00:00+00:00,MX1,Queretaro,Santos Laguna,0.8252248858447487,0.48089065883388377,0.2867412489555894,0.1452236931797797,0.17477511415525115,0.5227633267772883,0.6320317610944565,0.5683400828562118,0.39287804674108445,0.26481453692830004,0.3133000501521619,0.6845409998243248,0.6061860387719444,0.7492582244602124,0.3815201948674811,0.29860549351518156,,,,,0.6134822941753635,0.6346572942513902,0.8403730756410462,0.8271303094133676,0.27949986781795366,0.1581185050811219
19888,WWlscL8m,2026-02-28 07:30:00+00:00,T1,Kasimpasa,Rizespor,0.7223575771468491,0.49311990707821,0.24355847312470535,0.10921742932823919,0.27622601936956387,0.5068800929217899,0.6111514964408807,0.5356363487883057,0.5126780365378057,0.25652061065719395,0.3115489937740577,0.6881152578195895,0.4873219634621943,0.7434793893428061,0.37008613869926243,0.30828620890202946,,,,,0.6651321684587814,0.621917518558556,0.8326608441998662,0.7835902329730514,0.25048999097095287,0.18365253790437566
22185,M9gpi7Ug,2026-02-28 08:30:00+00:00,RU1,Krasnodar,FK Rostov,0.8428794326241135,0.5629193525219273,0.358103225156099,0.20090777290849782,0.16712056737588654,0.43708064747807257,0.5943206768028221,0.5826668429405559,0.4392750295460268,0.23550108070022602,0.2817544497568171,0.7215233829720541,0.5607249704539733,0.7644989192997741,0.5355998168498168,0.3529193284801664,,,,,0.7810367515908005,0.6577178684793864,0.9366255144032922,0.8569946145748771,0.36072435256438123,0.18782536898058674
21406,tKZp38CD,2026-02-28 09:00:00+00:00,MX1,Juarez,Atlas,0.7889422917359509,0.4472202390396108,0.2551046531219901,0.12117434024994804,0.21105770826404915,0.5527797609603892,0.6031410818154281,0.5166602937056354,0.30826063434097517,0.23969597346246685,0.4322068688062924,0.5681450681450683,0.6917393656590248,0.7609329573551431,0.3561464810255088,0.33210153582216967,,,,,0.6235682221546264,0.6140701890701891,0.8356162007852063,0.8293607478653225,0.2124183725878641,0.17798320506653842
21407,C07Oa3t2,2026-02-28 09:06:00+00:00,MX1,Club Tijuana,UNAM Pumas,0.735457791581374,0.4735642783731902,0.2892759733149619,0.15442400319175745,0.264542208418626,0.5262052316674508,0.6234408931081789,0.5372294285793866,0.37144977768279025,0.27104942121683534,0.3011157933677462,0.6967252566087404,0.6285502223172097,0.7165597833740399,0.34236241316893173,0.3066916870915033,,,,,0.5974326216740781,0.6196581196581197,0.794548667144821,0.8100469185214395,0.2912821272672537,0.16730454230454228
19889,pGQaprPs,2026-02-28 10:00:00+00:00,T1,Kocaelispor,Besiktas,0.7856989233006954,0.5027245425533398,0.24355847312470535,0.10929667646996466,0.2200290268716993,0.49727545744666024,0.6500490528512456,0.5690990899460808,0.21555650508791083,0.24726119218650253,0.47296225668565706,0.5358540411717369,0.7844434949120892,0.7527388078134974,0.26294144767173816,0.3825492208210816,,,,,0.6102823267446015,0.707249872021583,0.8469679793355399,0.8926739926739926,0.175023185948631,0.23336643533228407
4154,dvpRV69U,2026-02-28 11:00:00+00:00,D2,Kaiserslautern,Paderborn,0.8081152422704679,0.6000416508690086,0.36465802330457303,0.1569321405824793,0.1945727015939466,0.39995834913099143,0.6259631698737843,0.5826668429405559,0.3105305708970125,0.22488956794839146,0.5474757670431787,0.44726778185774513,0.6894694291029874,0.7751104320516085,0.37008613869926243,0.6019140989729225,,,,,0.7102949242461145,0.7791808689222309,0.8910426751969397,0.89723508412033,0.2288800040434027,0.33626810006852464
4155,ht41yBug,2026-02-28 11:00:00+00:00,D2,Holstein Kiel,Elversberg,0.8127873912520652,0.49927958487967894,0.3103583475212534,0.11241936644253676,0.18990055261234928,0.5007204151203211,0.6111514964408807,0.5356363487883057,0.16643446144844862,0.24112605626501984,0.7129924500662866,0.29311255603871966,0.8335655385515515,0.7588739437349802,0.3316122431169331,0.761965811965812,,,,,0.6092618066783717,0.7583017692944408,0.8466057811902211,0.9170326749274117,0.1567500164657841,0.32760375442783946
4156,KErPTJwp,2026-02-28 11:00:00+00:00,D2,Arminia Bielefeld,Hannover,0.76489696546937,0.4879547944415615,0.25905909034687197,0.11241936644253676,0.23368663104704304,0.5120452055584386,0.6230531333057637,0.5586427182150572,0.39345745635047297,0.24865897543706814,0.3251003224891765,0.6626402861422062,0.6067971976713044,0.7513410245629318,0.37008613869926243,0.371362794901304,,,,,0.6547292780748662,0.6284959778682592,0.865589381008871,0.8326520455982153,0.23836554337968832,0.19126555848971552
22025,EZAgeiL8,2026-02-28 11:00:00+00:00,RO1,Univ. Craiova,Metaloglobus Bucharest,0.7910931696928397,0.6174942217712386,0.4060122432491222,0.20635521395390966,0.20749042682357335,0.3825057782287615,0.5846569148187493,0.5073668824715952,0.6378449125078756,0.25038547473571127,0.10476190476190476,0.8950332821300563,0.3621550874921245,0.7496145252642887,0.6809793008324349,0.0811965811965812,,,,,0.7464041605266815,0.7119188887734267,0.8863146583499114,0.8362817020660306,0.6298500881834215,0.001
22186,jko1mPTI,2026-02-28 11:00:00+00:00,RU1,Lokomotiv Moscow,Pari NN,0.7503939337115678,0.5384957571492018,0.30519769210211556,0.18175203935073503,0.24818966280484522,0.4615042428507982,0.6273142574760919,0.5226320197839766,0.6106382369573965,0.21830392727474293,0.22790404040404041,0.7647884621288877,0.3893617630426036,0.7816960727252571,0.5850968511184247,0.3015344810976701,,,,,0.7485470801453293,0.6302697171491498,0.8834116603613887,0.8187860875190139,0.36072435256438123,0.14317078493008276
5130,tWw0Li1N,2026-02-28 12:00:00+00:00,SP1,Rayo Vallecano,Ath Bilbao,0.7992582407860542,0.55243542273468,0.29099141407255485,0.09764814723995181,0.20342970307836028,0.44756457726532,0.6011269562494599,0.5690990899460808,0.273829706798243,0.26179597154575934,0.40251909973157135,0.5838608285838408,0.726170293201757,0.7382040284542407,0.38878366071441706,0.4004975307228402,,,,,0.681906621975691,0.6875631320564736,0.8524087863604475,0.8959622207228838,0.1739050032654684,0.24886219145701496
12134,jkiKyL1e,2026-02-28 12:00:00+00:00,F2,Guingamp,Rodez,0.7223575771468491,0.5312496493286364,0.27469757531918737,0.12147685192513306,0.27622601936956387,0.46875035067136356,0.6158366495383071,0.5466561445094754,0.477945594019042,0.26533371648487486,0.2780007006925125,0.7216635509011348,0.5223090600027354,0.7346662835151251,0.36340285822518087,0.3017939398277035,,,,,0.6753394030025804,0.6366234658060365,0.8525076222908657,0.7684876153049064,0.3237670222067639,0.15842190783739185
12135,O0fnuf8m,2026-02-28 12:00:00+00:00,F2,Red Star,Le Mans,0.7314953494456987,0.4616619981325864,0.24379358744904556,0.10826622839125172,0.2742326007266959,0.5383380018674137,0.6111514964408807,0.5073668824715952,0.4984709076391136,0.22307365655246847,0.25049596791255035,0.7491682836810969,0.5017837463826637,0.7769263434475316,0.37008613869926243,0.28889092426370316,,,,,0.6916662802738752,0.6005145277531239,0.8432560716392428,0.7835902329730514,0.24566583908797746,0.16152125881594684
598,hOA1PhIN,2026-02-28 12:30:00+00:00,E0,Bournemouth,Sunderland,0.7889422917359509,0.5221018010640562,0.29998262587208946,0.18594015374711678,0.21105770826404915,0.4776677089765848,0.6923999562604832,0.5458810729264146,0.520056548044379,0.26628719291627195,0.22519236268409815,0.7742671150362491,0.4799434519556211,0.7388354936923984,0.5359689688279232,0.28807535553406316,,,,,0.7266376773655608,0.6330885939781644,0.866263049601068,0.8580057995318451,0.30896668606534533,0.16017880056684694
1113,29QrHtdJ,2026-02-28 12:30:00+00:00,E1,Derby,Blackburn,0.712595187393983,0.49311990707821,0.24666511205970063,0.1347901179506137,0.28598840912243,0.5068800929217899,0.6341205369227297,0.5226320197839766,0.54231933233151,0.229659297226117,0.27806711617453306,0.7215971354191142,0.4576806676684901,0.770340702773883,0.4437875179320046,0.2800221680559317,,,,,0.679060929491964,0.6140093853607627,0.8539548724552094,0.7660524584354987,0.30890598200881086,0.14245674092882873
1114,f3DUvplQ,2026-02-28 12:30:00+00:00,E1,Leicester,Norwich,0.7501186403462173,0.49204078186957906,0.26216572928186727,0.10929667646996466,0.2484649561701957,0.5079592181304209,0.6111514964408807,0.5256954244951713,0.273829706798243,0.2665657008234849,0.38909351462642183,0.6276492555410059,0.726170293201757,0.733434299176515,0.2970453241537579,0.5313561917900597,,,,,0.6104390681003585,0.6592131134585086,0.8619972611908615,0.8178712097164619,0.1699807856965533,0.2592542084030797
1115,MDc9X1t0,2026-02-28 12:30:00+00:00,E1,Portsmouth,Hull,0.76489696546937,0.486924070800669,0.3057159787832016,0.11923431997963081,0.23368663104704304,0.5130759291993309,0.6043452169942428,0.5466561445094754,0.53125,0.3205996184661053,0.19805194805194803,0.8017432388400131,0.46875,0.6794003815338948,0.5429258241758242,0.21990703408630705,,,,,0.6844320682818582,0.6252037536759878,0.859609240498164,0.8035898498414517,0.3877154949590267,0.05331088664421998
1649,QiPUdza5,2026-02-28 12:30:00+00:00,E2,Leyton Orient,Barnsley,0.6860280661063197,0.4643397637927855,0.2264252437975657,0.10396054436137758,0.31397193389368033,0.5354297462478556,0.6864762263195848,0.5336755834923608,0.416973267735599,0.3244217467039983,0.25524423373471866,0.7425968162417679,0.5820908177774299,0.6949523125812451,0.3841575472457661,0.2963414740097827,,,,,0.643552941390273,0.6132919091814797,0.8293320477797418,0.8045697482630209,0.27017267562208946,0.15168682438419281
1650,rTeeDeqn,2026-02-28 12:30:00+00:00,E2,Northampton,Peterborough,0.7632010628029061,0.4424655602755178,0.2514062631969144,0.09604803582870818,0.23679893719709397,0.5573039497651232,0.6261080311535581,0.5458810729264146,0.41275225105402086,0.28163075363872153,0.25947856471489245,0.747476344893319,0.5872477489459791,0.7165597833740399,0.3808384386634997,0.3418225429185049,,,,,0.6275178239303151,0.6249976345917306,0.9006000384024578,0.8142369468568829,0.24811955633456986,0.17427109383631123
2203,E3h0mVz0,2026-02-28 12:30:00+00:00,E3,Cambridge Utd,MK Dons,0.6879493281769052,0.5335652991653932,0.2262805404725011,0.0736069791260242,0.32250334672021413,0.46643470083460675,0.6111514964408807,0.5242613761612345,0.5089729912793158,0.27282559263365663,0.20040503158255166,0.797056171306671,0.49102700872068406,0.7271744073663434,0.45944203884968343,0.26335605211159624,,,,,0.69939330438168,0.6284959778682592,0.8663558350451414,0.7790820376336555,0.3137307813458896,0.12552650274157054
2204,MkXrbnkI,2026-02-28 12:30:00+00:00,E3,Shrewsbury,Walsall,0.7233618523651394,0.49594771241830066,0.24355847312470535,0.10826622839125172,0.2789573254514206,0.5040522875816993,0.5963080300096875,0.5507705479225048,0.54231933233151,0.23550108070022602,0.23540666912759933,0.7678711636012719,0.4576806676684901,0.7644989192997741,0.42907027669007464,0.19090270508197804,,,,,0.696326752259416,0.6016971745744,0.8733138789158268,0.7978236995996855,0.34700122010404905,0.12231029399803643
2205,UFzidQJU,2026-02-28 12:30:00+00:00,E3,Swindon,Bristol Rovers,0.782236168208426,0.5119254941346439,0.2842813415011905,0.11241936644253676,0.216347428307987,0.488074505865356,0.6043452169942428,0.5409605618075527,0.43629490147920497,0.24773182152448928,0.3664309463160849,0.6503118238513427,0.5639597525425724,0.7522681784755108,0.3955302236858796,0.3529193284801664,,,,,0.6651321684587814,0.6862015162239524,0.8483264542226557,0.8408221408221408,0.3057313788342077,0.19126555848971552
21692,bij3ZfXq,2026-02-28 12:45:00+00:00,PL1,Pogon Szczecin,Widzew Lodz,0.7075792520236964,0.4344018186984939,0.24642999773536042,0.1115392084154669,0.29814869814869815,0.5655981813015061,0.6230531333057637,0.5073668824715952,0.5725665101721439,0.22147193295180911,0.23407100078690812,0.7633902021023146,0.42743348982785606,0.778528067048191,0.42907027669007464,0.1593311758360302,,,,,0.7074244325621999,0.5396825396825397,0.8531396456266213,0.7505131436581184,0.36542855054975726,0.1372467859710688
4512,QNRuMcaS,2026-02-28 13:00:00+00:00,I1,Como,Lecce,0.7832346453036108,0.55243542273468,0.3263972150597864,0.15262794414062816,0.21945329856080364,0.44756457726532,0.5956766167225892,0.5016874925464466,0.6266684419196402,0.257472081264749,0.15815434819214846,0.8276878285417447,0.3733315580803598,0.7425279187352509,0.6221800590064271,0.13157152924594784,,,,,0.7399977144531066,0.6663214353165453,0.8898812552329313,0.8205789684746883,0.4820215554129226,0.05520552055205521
4893,IywMvgnQ,2026-02-28 13:00:00+00:00,I2,Sudtirol,Venezia,0.7768486760669898,0.5011773615678021,0.27469757531918737,0.16258230911721358,0.20881719521979647,0.4988226384321977,0.6273142574760919,0.5727607753927283,0.273829706798243,0.2309285216501711,0.5982827986107885,0.39646075029013633,0.726170293201757,0.7690714783498289,0.34470533621002625,0.5136147988099468,,,,,0.6521404016151916,0.696761973906891,0.8841044466479602,0.8557748230206507,0.19411476104020609,0.24886219145701496
4894,roJp6Yu1,2026-02-28 13:00:00+00:00,I2,Empoli,Cesena,0.712595187393983,0.4737957518842175,0.27939228842190666,0.11241936644253676,0.28598840912243,0.5262042481157824,0.6111514964408807,0.5356363487883057,0.45119777976676034,0.23414898641908288,0.3480855440076615,0.6626402861422062,0.5488022202332397,0.765851013580917,0.37008613869926243,0.3700366756904166,,,,,0.6777378684274629,0.6762524833633456,0.8514020337514849,0.8178712097164619,0.30408183012583545,0.14451896802583483
4895,W6auSF2K,2026-02-28 13:00:00+00:00,I2,Modena,Padova,0.7246884888696896,0.4720194054455864,0.21659197556997248,0.11017683449703453,0.27389510764672337,0.5279805945544135,0.6111514964408807,0.48203915140011316,0.5048655365378057,0.25652061065719395,0.3115489937740577,0.6923306911417049,0.4951344634621943,0.7434793893428061,0.38878366071441706,0.21137361818265218,,,,,0.6544766875690123,0.6384320260827129,0.8432560716392428,0.7857089982040808,0.32541657091513615,0.14415946392854306
20137,2Dr5vnkC,2026-02-28 13:00:00+00:00,G1,OFI Crete,AEL Larissa,0.6660153491807397,0.3878987240829346,0.23754295597722477,0.10890249903073841,0.3339846508192603,0.6121012759170653,0.6175171631672804,0.5335006709486326,0.3246005036220209,0.25707917696600474,0.36320458178712095,0.6371473551642397,0.6753994963779789,0.7395607114549115,0.27305443094916776,0.36495906342787937,,,,,0.6214849414057857,0.6258924963761628,0.831163540366837,0.7897551804385197,0.1914708124814508,0.17585155085155088
3846,MkHhB4to,2026-02-28 13:30:00+00:00,D1,B. Monchengladbach,Union Berlin,0.8187154691415124,0.6000416508690086,0.3548391427982296,0.12147685192513306,0.18397247472290204,0.39995834913099143,0.6011269562494599,0.5836118740139076,0.3974065959732369,0.25652061065719395,0.3204601183613497,0.6792041332322976,0.6028480580485404,0.7434793893428061,0.43658026134818945,0.3700366756904166,,,,,0.694991873331611,0.6705843369762099,0.8593668302311329,0.8506405791352027,0.3444641899627552,0.2161706998554945
3847,pnel2R3U,2026-02-28 13:30:00+00:00,D1,Bayer Leverkusen,Mainz,0.8259882765068268,0.5416227536549854,0.3201772280275968,0.176976248511153,0.17669966735758777,0.4583772463450146,0.6047554213150617,0.553900623261585,0.477945594019042,0.2501137502496957,0.2682031210416983,0.7350747116871729,0.5223090600027354,0.7498862497503044,0.5800528585338712,0.3896172698486924,,,,,0.7320053768214541,0.647264490057824,0.9087760437947896,0.9003688529820933,0.36072435256438123,0.1327250668867437
3848,re2mXo34,2026-02-28 13:30:00+00:00,D1,Hoffenheim,St. Pauli,0.8366616771802273,0.5454667816196973,0.404370142569449,0.24158649311450672,0.1733383228197726,0.45453321838030253,0.6341205369227297,0.5387664241273858,0.6655204168181267,0.23891871569680836,0.1654040404040404,0.8378737923248308,0.33447958318187326,0.7610812843031916,0.6372323457133584,0.3337264150943396,,,,,0.7995110689422319,0.6303132048638704,0.9134128676534328,0.857605201980178,0.3877154949590267,0.09052300239153555
3849,UixEInlB,2026-02-28 13:30:00+00:00,D1,Werder Bremen,Heidenheim,0.8285401821310168,0.60212239184317,0.3490575186274632,0.1406231642581734,0.17048191191370166,0.39787760815683004,0.6011269562494599,0.5617727935541375,0.5450162039604205,0.22488956794839146,0.2771142456289903,0.7261635870998809,0.45498379603957956,0.7751104320516085,0.5650581302755215,0.34702463337166084,,,,,0.716910359219764,0.6856375891505193,0.8766751691417292,0.8375277494850439,0.3877154949590267,0.15559725985693287
22187,zeSQ3pEa,2026-02-28 13:30:00+00:00,RU1,Dynamo Makhachkala,Rubin Kazan,0.7153454624214858,0.4396334557144233,0.24355847312470535,0.0736069791260242,0.28323813409492726,0.5603665442855765,0.5956766167225892,0.5387664241273858,0.3829162696519292,0.24865897543706814,0.2810163620311067,0.7116761405018214,0.6173383843698481,0.7513410245629318,0.3316122431169331,0.3582744698173543,,,,,0.6635693528482903,0.6188885232264227,0.8343984560750025,0.8142026104001571,0.20162870732706054,0.2109341456906575
19342,G6RhV5Vr,2026-02-28 14:00:00+00:00,B1,KV Mechelen,Waregem,0.7883195836010439,0.5515388042922332,0.3201772280275968,0.12147685192513306,0.2107025104436746,0.4484611957077667,0.6230531333057637,0.5313910071970939,0.34895557905869906,0.23891871569680836,0.36798882974342845,0.6347562682957872,0.651044420941301,0.7610812843031916,0.37008613869926243,0.375238760773352,,,,,0.6753677476737822,0.6988421310158178,0.8593668302311329,0.849852102503123,0.24731538779634973,0.25256589119175354
19890,ITO7rMgf,2026-02-28 14:00:00+00:00,T1,Galatasaray,Alanyaspor,0.7782531882273022,0.5194223915531636,0.27469757531918737,0.11241936644253676,0.2207689058174163,0.4805776084468363,0.6273142574760919,0.5073668824715952,0.548487275487623,0.25038547473571127,0.17748917748917747,0.8223060094027836,0.4515127245123771,0.7496145252642887,0.45533371122031047,0.26335605211159624,,,,,0.7256272754190808,0.6188885232264227,0.8789776059454436,0.8023318949390815,0.32541657091513615,0.10869915389047964
19891,YNsrS09D,2026-02-28 14:00:00+00:00,T1,Goztepe,Eyupspor,0.8086490737677706,0.5287974992345484,0.3069050258940951,0.15020879414022134,0.19403887009664378,0.47120250076545167,0.6158366495383071,0.5826668429405559,0.47142947245711103,0.26179597154575934,0.229245432703205,0.7740324000256663,0.528570527542889,0.7382040284542407,0.46816894757605093,0.28889092426370316,,,,,0.6982785460940688,0.6687946198669087,0.8989565123535908,0.8178712097164619,0.3285911740897393,0.12552650274157054
5131,QHILO5jI,2026-02-28 14:15:00+00:00,SP1,Barcelona,Villarreal,0.7267547074407625,0.5231617077924798,0.3774611455529726,0.22140948563794258,0.27182888907565045,0.47683829220752005,0.6011269562494599,0.49599190984452407,0.6378449125078756,0.2438892461593426,0.15826196185908417,0.8415332250328769,0.3621550874921245,0.7561107538406574,0.5956110282992685,0.12397764048249484,,,,,0.7214440511125032,0.643733399052548,0.8658364251026756,0.7628374966761974,0.39628969432891,0.06885090218423552
5528,0vZW6Z2k,2026-02-28 14:15:00+00:00,SP2,Zaragoza,Burgos CF,0.6994457549431371,0.45269525025159396,0.13389888799724867,0.0736069791260242,0.30287342287342284,0.5473047497484059,0.6341205369227297,0.5073668824715952,0.3375595676626877,0.25652061065719395,0.383488318961658,0.6332544512057697,0.6624404323373123,0.7434793893428061,0.30776454960327376,0.33863429277375295,,,,,0.586935531788473,0.5998310995339013,0.825502535448637,0.794621352411036,0.1803063852382849,0.17183682137940873
19052,2oMEqjqR,2026-02-28 14:30:00+00:00,N1,Heerenveen,Sparta Rotterdam,0.8662568318847388,0.6276324172349921,0.42266346089628004,0.22365926480939083,0.13643111197967558,0.3723675827650079,0.6340003568583398,0.5938014743927504,0.3643162670871854,0.23891871569680836,0.3945729666812164,0.6120936999854504,0.6359383869345918,0.7610812843031916,0.47537620415986614,0.5509367859483354,,,,,0.8222887820095431,0.7903007358340601,0.9238584513279298,0.907065512614353,0.2563539653624159,0.3045664712331379
599,42vKszYi,2026-02-28 15:00:00+00:00,E0,Burnley,Brentford,0.8364872588379614,0.47286861148801446,0.3461124478688607,0.15426853613283542,0.1635127411620386,0.5271313885119855,0.7253396612693095,0.6007394957388094,0.3473145397315142,0.27104942121683534,0.36320458178712095,0.6669336632114172,0.6526854602684857,0.7315201490998295,0.40015821048569317,0.4502682319909859,,,,,0.6195151766998929,0.6835982323787202,0.9266029281058662,0.8560813852159134,0.2253414528451121,0.21528450507713837
600,KbUrxW1T,2026-02-28 15:00:00+00:00,E0,Liverpool,West Ham,0.7538105799886271,0.48010147071116505,0.29388644628193394,0.19563787869599203,0.24618942001137287,0.5227633267772883,0.6923999562604832,0.5148133519121963,0.5621396652502643,0.2593746883219046,0.17388452279897662,0.8190778881962212,0.4378603347497356,0.7431948819947604,0.5526597132294203,0.2613615390979501,,,,,0.765768446444016,0.6113077935412962,0.8667054522975058,0.8019934515206041,0.36628211928335697,0.11525442952282723
601,Wxb1fDHc,2026-02-28 15:00:00+00:00,E0,Newcastle,Everton,0.778194692608034,0.49645342861565256,0.2921032702639413,0.10890249903073841,0.22180530739196613,0.5033160814249885,0.6768140543226501,0.560359236886539,0.4967131450077749,0.2593746883219046,0.26026769406392697,0.7475132290727654,0.5032868549922251,0.7431948819947604,0.40015821048569317,0.32759943484171217,,,,,0.6356259320384231,0.6181600277541238,0.8325271488733027,0.8289499652380633,0.267475454214891,0.1581185050811219
1116,8AXZI2R6,2026-02-28 15:00:00+00:00,E1,Coventry,Stoke,0.6906653628325795,0.45269525025159396,0.26603204550839915,0.08906430467509285,0.3079182336838335,0.5473047497484059,0.6111514964408807,0.5356363487883057,0.5832502708559045,0.22147193295180911,0.20273967454620614,0.7947215283430165,0.41674972914409536,0.778528067048191,0.5122195730811586,0.1977881273520157,,,,,0.7286595777014947,0.5914197377082904,0.8754248999330896,0.7460049483187223,0.36072435256438123,0.12199566306375968
1117,dlHXXVit,2026-02-28 15:00:00+00:00,E1,Sheffield Wed,Southampton,0.7288595036676878,0.41892434276540236,0.21280487804878048,0.09996028718520948,0.27114049633231224,0.5810756572345975,0.6105221292157248,0.4851860699686786,0.1848607367475292,0.3028142759112034,0.4007709672916508,0.5995809696597099,0.8151392632524708,0.6983368959817836,0.21260264789676553,0.41710039017412665,,,,,0.47944582299421007,0.6245100939633449,0.8154782649818596,0.8266048423535116,0.18611326149985943,0.16409322980584662
1118,EeAUsV95,2026-02-28 15:00:00+00:00,E1,Ipswich,Swansea,0.7531267922144655,0.4753862836023432,0.2653478340260053,0.10989058121580664,0.24687320778553445,0.528092953210227,0.601535248379682,0.4960163594309934,0.5183051773067151,0.24947097620585046,0.2681101169540123,0.7313966980444414,0.48169482269328484,0.7464882539115303,0.43766298137094495,0.23548746594583533,,,,,0.6759005763052666,0.5997839593780553,0.816873139166987,0.8162656431558789,0.34934873174075837,0.12419255640079437
1119,Emf1ZNBm,2026-02-28 15:00:00+00:00,E1,Oxford Utd,West Brom,0.69833265709303,0.49454642123033304,0.25353848143711916,0.10385783609133863,0.3016673429069698,0.505223088810308,0.6261080311535581,0.5142319366457296,0.2923876184679593,0.24105651768015393,0.5285714285714286,0.45714285714285713,0.7076123815320408,0.7609329573551431,0.2886390356722966,0.3460121600614324,,,,,0.615565574924204,0.6727543247187429,0.7965378432411399,0.8585717245773091,0.19664475391136968,0.22383151362414688
1120,GfaPTJuP,2026-02-28 15:00:00+00:00,E1,QPR,Sheffield Utd,0.711571998400824,0.5000507964618737,0.2917496941451818,0.12458496669022984,0.288428001599176,0.4998934623773694,0.6261080311535581,0.5166602937056354,0.4903817356003568,0.28163075363872153,0.26161305022886294,0.7313966980444414,0.5096182643996432,0.7165597833740399,0.42836306505180666,0.2950306048345264,,,,,0.6235682221546264,0.6067004243418957,0.7841320004781543,0.8019934515206041,0.27949986781795366,0.1581185050811219
1121,ITGLqiug,2026-02-28 15:00:00+00:00,E1,Charlton,Wrexham,0.6986451508801282,0.4472202390396108,0.28216267349621427,0.07982449649116315,0.3013548491198718,0.5527797609603892,0.6117319498017059,0.5152850937338963,0.30826063434097517,0.28163075363872153,0.3045092250922509,0.7078569527655657,0.6917393656590248,0.7165597833740399,0.35612268615364595,0.32759943484171217,,,,,0.6355502941598509,0.6353798212693919,0.8021521532032759,0.7626714169310519,0.19164106702766495,0.19833838477906274
1122,rToIVuBC,2026-02-28 15:00:00+00:00,E1,Preston,Millwall,0.7454303252703752,0.4754712857585098,0.32005910403353904,0.1394828216374269,0.2545696747296247,0.5242982242821314,0.6320317610944565,0.5589840369147999,0.3246005036220209,0.26481453692830004,0.3133000501521619,0.6821374162997973,0.6753994963779789,0.7315201490998295,0.3815201948674811,0.4163240103678975,,,,,0.6556106512740698,0.631600226053477,0.8758925018071361,0.8267553562825088,0.20451407757016704,0.17327926702926702
1651,46Sj2Vzo,2026-02-28 15:00:00+00:00,E2,Stevenage,Stockport County,0.7342633537630731,0.5000507964618737,0.2984650217413091,0.10143529183612505,0.265736646236927,0.4998934623773694,0.6320317610944565,0.5351029001370686,0.4717320145712534,0.2503789974867999,0.2820454569763089,0.7158429302782844,0.5273320709417754,0.7464882539115303,0.37206650883893827,0.31526540721943025,,,,,0.643552941390273,0.6098832921167947,0.8499066019850563,0.8045697482630209,0.23904593246012654,0.18863396882464678
1652,4rp4BZDb,2026-02-28 15:00:00+00:00,E2,Port Vale,Luton,0.7780507688226527,0.5278480374985796,0.2717150163261879,0.11988304093567252,0.22194923117734733,0.4723267113000225,0.6031410818154281,0.5445058729546756,0.4967131450077749,0.23855396895761002,0.2653738460228355,0.7239365996144432,0.5032868549922251,0.7623801642527885,0.47088855098676924,0.2861163953117976,,,,,0.6958852955409132,0.6835982323787202,0.8845755286248779,0.8581578365692645,0.3286996672860026,0.1605846261018675
1653,8zsL7iDN,2026-02-28 15:00:00+00:00,E2,Rotherham,Plymouth,0.7488374248961449,0.521090121818157,0.2074362285308927,0.07291570986803833,0.251162575103855,0.4790846269804451,0.5943648939422784,0.5485602501752237,0.3246005036220209,0.27104942121683534,0.353583222686932,0.6467687142644286,0.6753994963779789,0.7315201490998295,0.3788590476173333,0.3713392717612127,,,,,0.6383118329524966,0.6620355738297602,0.8624869178440607,0.8392348308309489,0.19842151518742346,0.16424192755714495
1654,b5NxeETH,2026-02-28 15:00:00+00:00,E2,Lincoln,Blackpool,0.7589443689921587,0.4424655602755178,0.25353848143711916,0.0822968492603669,0.24105563100784136,0.5573039497651232,0.6013599278938341,0.5399073062572644,0.7360669392700289,0.28163075363872153,0.08119451170298628,0.915069384779609,0.2639330607299712,0.7165597833740399,0.5515605482492899,0.19829789029422232,,,,,0.6691911582609388,0.5953320184089415,0.9334672111293653,0.8142369468568829,0.3519043133320025,0.02845528455284553
1655,C8mC9DrB,2026-02-28 15:00:00+00:00,E2,Reading,Bradford City,0.7569879914442325,0.44964215407131053,0.26969062626054074,0.07944091985163697,0.24301200855576752,0.550357845928689,0.6683506520022622,0.5152850937338963,0.3362850516550706,0.26481453692830004,0.4157901547999212,0.5845617821514394,0.6637149483449294,0.7315201490998295,0.2911556222657534,0.29860549351518156,,,,,0.615565574924204,0.6651439237646134,0.8105119033690462,0.843266223409764,0.2074951390618668,0.1785599307132255
1656,fXGoghbU,2026-02-28 15:00:00+00:00,E2,Mansfield,AFC Wimbledon,0.74818776097417,0.49814378907655416,0.28216267349621427,0.10143529183612505,0.25181223902583016,0.5018004697626889,0.6885013207829004,0.5351029001370686,0.4725779070564989,0.27104942121683534,0.2820454569763089,0.7158429302782844,0.5274220929435012,0.7238673888806977,0.3815201948674811,0.29860549351518156,,,,,0.669345516140722,0.6352996307832973,0.8633121859481316,0.8164505647339109,0.25814826201902674,0.17258520598850077
1657,GhrxAjQ1,2026-02-28 15:00:00+00:00,E2,Doncaster,Cardiff,0.7597481792655115,0.4453132316542912,0.20716522582086558,0.11483837799627272,0.24025182073448834,0.5546867683457087,0.6261080311535581,0.5445058729546756,0.30826063434097517,0.27104942121683534,0.4887674456820393,0.5115844912693214,0.6917393656590248,0.7315201490998295,0.2691328623217168,0.3418225429185049,,,,,0.4970355542202703,0.6385437984029534,0.8308471992948933,0.8560982057908406,0.18909432299155923,0.2652134735272609
1658,UanVPYSi,2026-02-28 15:00:00+00:00,E2,Wigan,Huddersfield,0.7104451108642001,0.49454642123033304,0.21666666666666665,0.10143529183612505,0.2895548891357998,0.505223088810308,0.636730579863627,0.5179606942764836,0.37179114598469437,0.2593746883219046,0.36332272548073546,0.6321147409712237,0.6282088540153056,0.7355421217756284,0.3788590476173333,0.3151292216999521,,,,,0.6235682221546264,0.6537665167802155,0.7937219475681014,0.828985794734464,0.20987162855175837,0.203523258384989
1659,UPVLbdUh,2026-02-28 15:00:00+00:00,E2,Exeter,Bolton,0.7569879914442325,0.4754712857585098,0.261264286555909,0.10385783609133863,0.24301200855576752,0.5242982242821314,0.6261080311535581,0.5589840369147999,0.380221542490855,0.2738953936764263,0.32292140925235086,0.6859156356398373,0.619778457509145,0.724600345729122,0.3841575472457661,0.35280094489170705,,,,,0.6383118329524966,0.6317061915653465,0.8546634768408962,0.8271303094133676,0.188489750989751,0.21042390439502437
1660,xQkwOCc4,2026-02-28 15:00:00+00:00,E2,Wycombe,Burton,0.7132897911878787,0.49814378907655416,0.2799448754528431,0.09049864626156057,0.28671020881212234,0.5018004697626889,0.6769415199885399,0.5458810729264146,0.5221702498898166,0.2593746883219046,0.180381589524126,0.8190778881962212,0.4778297501101833,0.7282345162689707,0.4320541153079634,0.25012726148812664,,,,,0.6612374080326139,0.5845593329218678,0.8499066019850563,0.8002059586879637,0.2936560184749783,0.10756176315987086
2206,0zqz08K5,2026-02-28 15:00:00+00:00,E3,Oldham,Crawley,0.7803580787343386,0.5606784218313375,0.2953393195284344,0.11241936644253676,0.21896852059226082,0.43932157816866235,0.6111514964408807,0.5539648908118817,0.4929427863170721,0.22010652630805194,0.27875254185995874,0.7209117097336885,0.5070572136829279,0.779893473691948,0.4867169222396748,0.3017939398277035,,,,,0.727470164269517,0.6913842675193811,0.8627281204570353,0.8557748230206507,0.3877154949590267,0.14348541586435948
2207,AX8Q4ta4,2026-02-28 15:00:00+00:00,E3,Fleetwood,Newport,0.7459968034176544,0.529345582264487,0.26603204550839915,0.11138891836382385,0.2525867930987587,0.47065441773551303,0.603524513777144,0.5356363487883057,0.5656220657276995,0.26533371648487486,0.20521442495126704,0.7835759611795446,0.4343779342723006,0.7346662835151251,0.5340160240507555,0.21391474740073382,,,,,0.7036049872236503,0.6762524833633456,0.8876374813674902,0.8053313434709657,0.3956337806060301,0.08531304743377562
2208,hAuS1Ukg,2026-02-28 15:00:00+00:00,E3,Notts Co,Grimsby,0.796024131484056,0.5848464556738134,0.3245646255508141,0.11324344148446401,0.20255946503235703,0.4151535443261866,0.6043452169942428,0.5681758865615367,0.5672200658936609,0.21180373244099862,0.32411860292746525,0.6955370642174414,0.4327799341063392,0.7881962675590014,0.5769539295794289,0.28889092426370316,,,,,0.7381455043590588,0.7158559980197406,0.865589381008871,0.8737846825519049,0.47410326976591916,0.22125775773165957
2209,hl4iki6m,2026-02-28 15:00:00+00:00,E3,Bromley,Accrington,0.6389858444832267,0.45550232033111754,0.1104886399004046,0.0742930854725079,0.3633333333333333,0.5444976796688824,0.6341205369227297,0.49599190984452407,0.477945594019042,0.27113328020666355,0.25049596791255035,0.7491682836810969,0.5223090600027354,0.7288667197933364,0.33897657037445933,0.20819490586932446,,,,,0.656696305486628,0.5430136302005281,0.8465274817801588,0.7505131436581184,0.24566583908797746,0.17677238172325593
2210,IekHqmzP,2026-02-28 15:00:00+00:00,E3,Crewe,Tranmere,0.76489696546937,0.5312496493286364,0.25691871603821287,0.10929667646996466,0.23368663104704304,0.46875035067136356,0.6340003568583398,0.553900623261585,0.3690995689967232,0.23919003492656374,0.3531311438754776,0.6418014597527782,0.6311550850250541,0.7608099650734363,0.37008613869926243,0.3200484147750918,,,,,0.6236104693863225,0.6633955174872733,0.8336675968088287,0.8011546929720441,0.2570882589073438,0.17930113433571257
2211,lIxK7aME,2026-02-28 15:00:00+00:00,E3,Barrow,Gillingham,0.7376305613148322,0.5111141474656172,0.27469757531918737,0.12213098635944326,0.2609530352015808,0.4888858525343828,0.6235656123461001,0.5256954244951713,0.36755183771240363,0.24249146290877702,0.3939573269762935,0.6087877710629223,0.6327028163093736,0.757508537091223,0.37008613869926243,0.37271593094000083,,,,,0.7059464604188482,0.6703333525607515,0.8561995123398173,0.849852102503123,0.24566583908797746,0.20905348348702144
2212,MTe8o95C,2026-02-28 15:00:00+00:00,E3,Colchester,Salford,0.7233618523651394,0.5175246148650404,0.24355847312470535,0.0736069791260242,0.2789573254514206,0.48247538513495963,0.6273142574760919,0.5356363487883057,0.4929427863170721,0.2487616559685525,0.23861655773420476,0.7646612749946664,0.5070572136829279,0.7512383440314476,0.44686064435244227,0.26587888194494735,,,,,0.7013983194051862,0.6577178684793864,0.8439953124574169,0.7811071828552677,0.32477899788182674,0.14451896802583483
2213,Y9fXqdU7,2026-02-28 15:00:00+00:00,E3,Barnet,Chesterfield,0.712595187393983,0.5335652991653932,0.24666511205970063,0.1091463864183216,0.28598840912243,0.46643470083460675,0.6011269562494599,0.5586427182150572,0.4512920937772351,0.25038547473571127,0.32992742459714874,0.6697368269964984,0.5487079062227649,0.7496145252642887,0.3604753500345148,0.341157122607104,,,,,0.7035750080290596,0.6577178684793864,0.8524087863604475,0.7978236995996855,0.2599876159436975,0.20020553294693136
2759,2eazC7QG,2026-02-28 15:00:00+00:00,EC,Aldershot,Rochdale,,,,,,,,,,,,,,,,,,,,,,,,,,
2760,8UsHKy9l,2026-02-28 15:00:00+00:00,EC,Truro,Braintree,,,,,,,,,,,,,,,,,,,,,,,,,,
2761,Gt6j4GO7,2026-02-28 15:00:00+00:00,EC,Scunthorpe,Solihull Moors,,,,,,,,,,,,,,,,,,,,,,,,,,
2762,lp1pQcoR,2026-02-28 15:00:00+00:00,EC,Tamworth,Boreham Wood,,,,,,,,,,,,,,,,,,,,,,,,,,
2763,MaW0SSAc,2026-02-28 15:00:00+00:00,EC,Eastleigh,Carlisle,,,,,,,,,,,,,,,,,,,,,,,,,,
2764,n1EZ7bPr,2026-02-28 15:00:00+00:00,EC,Gateshead,Forest Green,,,,,,,,,,,,,,,,,,,,,,,,,,
2765,t2n2Q6uA,2026-02-28 15:00:00+00:00,EC,FC Halifax,Sutton,,,,,,,,,,,,,,,,,,,,,,,,,,
2766,U5qF4PIj,2026-02-28 15:00:00+00:00,EC,Brackley Town,Altrincham,,,,,,,,,,,,,,,,,,,,,,,,,,
3071,8zyhOdN6,2026-02-28 15:00:00+00:00,SC0,Dundee FC,Hibernian,,,,,,,,,,,,,,,,,,,,,,,,,,
3072,ddHnpvpQ,2026-02-28 15:00:00+00:00,SC0,Hearts,Aberdeen,,,,,,,,,,,,,,,,,,,,,,,,,,
3073,G0v0MzhJ,2026-02-28 15:00:00+00:00,SC0,Falkirk,Kilmarnock,,,,,,,,,,,,,,,,,,,,,,,,,,
3074,htIHvI7m,2026-02-28 15:00:00+00:00,SC0,Livingston,St. Mirren,,,,,,,,,,,,,,,,,,,,,,,,,,
3075,l8BQxdx0,2026-02-28 15:00:00+00:00,SC0,Motherwell,Dundee Utd,,,,,,,,,,,,,,,,,,,,,,,,,,
3230,8nRzQsdm,2026-02-28 15:00:00+00:00,SC1,Partick Thistle,Arbroath,,,,,,,,,,,,,,,,,,,,,,,,,,
3231,d8cI70tJ,2026-02-28 15:00:00+00:00,SC1,Airdrieonians,Morton,,,,,,,,,,,,,,,,,,,,,,,,,,
3232,dMxiMaeC,2026-02-28 15:00:00+00:00,SC1,St Johnstone,Ayr,,,,,,,,,,,,,,,,,,,,,,,,,,
3233,GCUrOLQa,2026-02-28 15:00:00+00:00,SC1,Ross County,Raith,,,,,,,,,,,,,,,,,,,,,,,,,,
3234,OEk4V3YP,2026-02-28 15:00:00+00:00,SC1,Dunfermline,Queen's Park,,,,,,,,,,,,,,,,,,,,,,,,,,
3409,6D9vAAdJ,2026-02-28 15:00:00+00:00,SC2,Hamilton,Montrose,,,,,,,,,,,,,,,,,,,,,,,,,,
3410,IiwcSiCm,2026-02-28 15:00:00+00:00,SC2,Queen of South,Peterhead,,,,,,,,,,,,,,,,,,,,,,,,,,
3411,nBgwCWR6,2026-02-28 15:00:00+00:00,SC2,East Fife,Alloa,,,,,,,,,,,,,,,,,,,,,,,,,,
3412,QHt5QVt0,2026-02-28 15:00:00+00:00,SC2,Stenhousemuir,Cove Rangers,,,,,,,,,,,,,,,,,,,,,,,,,,
3413,YJ1QXDlQ,2026-02-28 15:00:00+00:00,SC2,Kelty Hearts,Inverness,,,,,,,,,,,,,,,,,,,,,,,,,,
3587,2HUgNcQa,2026-02-28 15:00:00+00:00,SC3,Edinburgh City,Forfar Athletic,,,,,,,,,,,,,,,,,,,,,,,,,,
3588,4tRAJFPO,2026-02-28 15:00:00+00:00,SC3,Stranraer,Elgin City,,,,,,,,,,,,,,,,,,,,,,,,,,
3589,8fiLwJAt,2026-02-28 15:00:00+00:00,SC3,Spartans,Annan,,,,,,,,,,,,,,,,,,,,,,,,,,
3590,bqO2LyeC,2026-02-28 15:00:00+00:00,SC3,Stirling,Dumbarton,,,,,,,,,,,,,,,,,,,,,,,,,,
3591,U3WoPJem,2026-02-28 15:00:00+00:00,SC3,Clyde,East Kilbride,,,,,,,,,,,,,,,,,,,,,,,,,,
5900,dGuqBS6D,2026-02-28 15:00:00+00:00,F1,Rennes,Toulouse,0.8039744413507531,0.5484119046844679,0.27593896679474833,0.15484685559216643,0.2060255586492468,0.45158809531553207,0.6111514964408807,0.5596604735138043,0.2963305103983716,0.23414898641908288,0.4833935413245758,0.5107456528146184,0.7036694896016283,0.765851013580917,0.37008613869926243,0.47610466131766116,,,,,0.694991873331611,0.7504508783565673,0.8653469707418399,0.9021992319416207,0.2543561371480599,0.3283759950426617
4896,6mWzHkfJ,2026-02-28 15:15:00+00:00,I2,Spezia,Reggiana,0.7223575771468491,0.5044334677532747,0.24355847312470535,0.10183920315926555,0.27622601936956387,0.49556653224672526,0.6341205369227297,0.5539648908118817,0.42809446653900923,0.25175088137946844,0.3689572031344183,0.6269465347048033,0.5721601874827681,0.7482491186205316,0.40483839439755914,0.30828620890202946,,,,,0.6236104693863225,0.6552015684047161,0.8422493190302802,0.850424155582552,0.30408183012583545,0.19126555848971552
19582,M3W0JAVq,2026-02-28 15:30:00+00:00,P1,AFS,Estrela,0.7766922289146425,0.4908249925020203,0.16047611932865183,0.10826622839125172,0.22232986513007594,0.5091750074979796,0.6011269562494599,0.5539648908118817,0.436241955289131,0.24849317652511257,0.2780007006925125,0.7216635509011348,0.5640126987326464,0.7515068234748874,0.46816894757605093,0.2744489406768184,,,,,0.7059748050900501,0.6251602659612673,0.8691977153285779,0.8605017568375888,0.22232578823648985,0.1372467859710688
20138,t0ZF0x6E,2026-02-28 15:30:00+00:00,G1,Atromitos,Panetolikos,0.7766440612072015,0.49454642123033304,0.2977648278287182,0.10557327662590821,0.22335593879279847,0.505223088810308,0.6721001449677325,0.547978834908757,0.48527403113407747,0.2657225582092495,0.2592043609508497,0.7329754571415791,0.5147259688659226,0.7315201490998295,0.4124678234694635,0.2539743699517653,,,,,0.6703542620719402,0.6041116959392944,0.8582431519684182,0.8271303094133676,0.29175758468285684,0.14111590038314176
21693,rJlWtwuA,2026-02-28 15:30:00+00:00,PL1,Motor Lublin,Korona Kielce,0.782236168208426,0.5312496493286364,0.30388338927422937,0.14275980980516814,0.216347428307987,0.46875035067136356,0.65655919301937,0.5690990899460808,0.2592172705241309,0.2752562890060768,0.38909351462642183,0.6120936999854504,0.7407827294758692,0.7247437109939231,0.37683270167072497,0.3503964986468153,,,,,0.6280672732285636,0.6648278017258981,0.8343984560750025,0.8536613536613537,0.19353715446905415,0.2072307253982787
4513,fuDgXrPQ,2026-02-28 16:00:00+00:00,I1,Verona,Napoli,0.6808224640426185,0.42134002416132327,0.19894367980230707,0.1091463864183216,0.32149671377394146,0.5786599758386767,0.5713603038424491,0.49599190984452407,0.21924644335647572,0.25775259499580394,0.44942528735632187,0.5369546409590903,0.7807535566435243,0.742247405004196,0.079886241771933,0.341157122607104,,,,,0.5197649572649573,0.5995960736909551,0.7941583522057196,0.7835902329730514,0.1341716075921945,0.23154367724354133
20139,8Ekdt8Ka,2026-02-28 16:00:00+00:00,G1,Kifisia,Levadiakos,0.7263884221016602,0.46629537451143416,0.2916686482385627,0.10396054436137758,0.2736115778983398,0.5337046254885659,0.6415178002113958,0.5445058729546756,0.404356780442131,0.27104942121683534,0.306212098482755,0.7239734837938897,0.595643219557869,0.7238673888806977,0.3814963999956184,0.29860549351518156,,,,,0.6166392822824268,0.6252501598442558,0.8217058684091652,0.7897551804385197,0.29175758468285684,0.15937218633010566
22026,YuDQiIEG,2026-02-28 16:00:00+00:00,RO1,Farul Constanta,CFR Cluj,0.7547624043532389,0.5526647894715285,0.25946016600222205,0.1677721354625743,0.2442596896914794,0.44733521052847136,0.6043452169942428,0.575803971271652,0.30020568588340085,0.25775259499580394,0.3719819323394051,0.6221572617997891,0.6997740625727723,0.742247405004196,0.41207826333118375,0.4846830683019146,,,,,0.6867876044129985,0.6836417284345616,0.873819518075134,0.8378226922902566,0.1971153846153846,0.274622649809213
22435,Ei4wLQQG,2026-02-28 16:00:00+00:00,CH1,St. Gallen,Winterthur,,,,,,,,,,,,,,,,,,,,,,,,,,
22436,IPAUMnd4,2026-02-28 16:00:00+00:00,CH1,Thun,Luzern,,,,,,,,,,,,,,,,,,,,,,,,,,
22594,rNGjsE8F,2026-02-28 16:00:00+00:00,CH2,Lausanne Ouchy,Etoile-Carouge,0.7863161683409117,0.5645573007102165,0.35004228079605587,0.18914473684210528,0.21637177552350284,0.43544269928978346,0.6111514964408807,0.5073668824715952,0.6044148153857023,0.23891871569680836,0.1660908561286564,0.8197513206052368,0.3955851846142977,0.7610812843031916,0.6592103676913803,0.23300796823987277,,,,,0.8273964879833383,0.6401785895774383,0.8979451958594925,0.830195562734541,0.47410326976591916,0.12010102915592445
19343,CYK1Tq0e,2026-02-28 16:15:00+00:00,B1,Antwerp,St. Truiden,0.7955923909663581,0.5729101223053423,0.3337484420426884,0.2183786078098472,0.20342970307836028,0.42708987769465767,0.6024828961692269,0.5617727935541375,0.2963305103983716,0.24849317652511257,0.4750208855472013,0.5208828522920204,0.7036694896016283,0.7515068234748874,0.397631137813744,0.4846830683019146,,,,,0.6530636652034282,0.7158559980197406,0.8336675968088287,0.882541112283501,0.24566583908797746,0.2901184059339439
3850,dQO6K8Jb,2026-02-28 16:30:00+00:00,D1,Dortmund,Bayern Munich,0.8322060319507129,0.5797524959054117,0.4191677830552511,0.2645586606926794,0.17048191191370166,0.4202475040945883,0.6630093725771948,0.6070063694267516,0.1682562922738472,0.25161745907432126,0.665924468109237,0.3428918297481569,0.8317437077261527,0.7483825409256787,0.3316122431169331,0.7632478632478633,,,,,0.6924858012546865,0.780079055663851,0.8593668302311329,0.8950325120537886,0.1758415915573592,0.49691358024691357
5132,nkxpPZ1b,2026-02-28 16:30:00+00:00,SP1,Mallorca,Real Sociedad,0.7223575771468491,0.5265448377911074,0.27469757531918737,0.11536608968628974,0.27622601936956387,0.47345516220889317,0.6111514964408807,0.5313910071970939,0.36157798928590007,0.2723652645452736,0.3529126461156338,0.6564581704840985,0.6384220107141,0.7276347354547262,0.37683270167072497,0.3700366756904166,,,,,0.689185880814791,0.6366234658060365,0.8619972611908615,0.7857089982040808,0.1979106258915878,0.21140355647448975
5529,A9fhEHAF,2026-02-28 16:30:00+00:00,SP2,Granada CF,Malaga,0.7501186403462173,0.4396334557144233,0.22995221848348002,0.09608188286639824,0.2556093098261773,0.5603665442855765,0.5963080300096875,0.5539648908118817,0.28802976729688395,0.2723652645452736,0.4040967762050259,0.5900424179341682,0.711970232703116,0.7276347354547262,0.27603454076483125,0.3781780984296546,,,,,0.5721686316541623,0.6516801220983571,0.8432560716392428,0.8015647046198394,0.20978842895182762,0.22919360425607302
5530,UHV78nvf,2026-02-28 16:30:00+00:00,SP2,Valladolid,Huesca,0.6868897425521049,0.4396334557144233,0.21659197556997248,0.1091463864183216,0.31169385396430815,0.5603665442855765,0.5956766167225892,0.5073668824715952,0.473996454396278,0.22147193295180911,0.44397808868161964,0.5424018396337925,0.5262581996254992,0.778528067048191,0.30050267479213,0.35651673939882716,,,,,0.6881058758707974,0.629090474445885,0.8116262192830265,0.7835902329730514,0.24566583908797746,0.2072307253982787
19053,t0a1zn6D,2026-02-28 16:45:00+00:00,N1,Heracles,PSV,0.8259882765068268,0.6404566933755981,0.2832564300374085,0.1420352377731343,0.17669966735758777,0.359543306624402,0.6341205369227297,0.5473461047254151,0.2727327344419464,0.146480044345898,0.7321937321937323,0.2739112739112739,0.7272672655580535,0.853519955654102,0.34470533621002625,0.6947712418300654,,,,,0.7193996768527726,0.8072613776175742,0.8709022733571915,0.8903777580285923,0.2288800040434027,0.5521060275962237
5901,lASUYVbK,2026-02-28 17:00:00+00:00,F1,Monaco,Angers,0.712595187393983,0.4737957518842175,0.24642999773536042,0.13390995992354382,0.27307068389280326,0.5262042481157824,0.6345307412435485,0.553900623261585,0.54231933233151,0.24865897543706814,0.22331649831649827,0.779961334412373,0.4576806676684901,0.7513410245629318,0.4017953933000833,0.14254574935280787,,,,,0.6908385143554332,0.6290870703278736,0.8876374813674902,0.8331355857587052,0.3057313788342077,0.11059378779831487
602,YsWzvhXG,2026-02-28 17:30:00+00:00,E0,Leeds,Manchester City,0.8377408034483281,0.5246832407655578,0.3116745011502122,0.18594015374711678,0.1622591965516719,0.4753167592344422,0.636730579863627,0.5788018433179724,0.3473145397315142,0.26995602074379077,0.35493274829900195,0.6372470697934267,0.6526854602684857,0.7282345162689707,0.45488788774684225,0.4069485135192439,,,,,0.6839048239749221,0.7196910117836692,0.8707282881703314,0.8601592614913414,0.23537015852956897,0.20592136263758065
2767,8G2r6xfe,2026-02-28 17:30:00+00:00,EC,Morecambe,York City,,,,,,,,,,,,,,,,,,,,,,,,,,
4897,GW24Q2RF,2026-02-28 17:30:00+00:00,I2,Avellino,Juve Stabia,0.6787562454715456,0.42134002416132327,0.2262805404725011,0.0736069791260242,0.32356293234501443,0.5786599758386767,0.6115617007616995,0.4809502767529312,0.24952036696728386,0.2605639872071493,0.40251909973157135,0.5838608285838408,0.750479633032716,0.7394360127928508,0.205,0.31959376230458986,,,,,0.5652241872097178,0.6363190232708317,0.7021879593498515,0.8023318949390815,0.1567500164657841,0.1954383895659266
12136,YkfBZkxP,2026-02-28 18:00:00+00:00,F2,Pau FC,St Etienne,0.76489696546937,0.49311990707821,0.21659197556997248,0.0945254572673797,0.23368663104704304,0.5068800929217899,0.6345307412435485,0.5256954244951713,0.4062767298061416,0.24773182152448928,0.2968437485417681,0.6908968600896146,0.5931600341467514,0.7522681784755108,0.30050267479213,0.37785506397563,,,,,0.6544766875690123,0.6168309100576984,0.8691977153285779,0.7856153781946636,0.22484896532992726,0.21365974970229293
19583,44sNQhwA,2026-02-28 18:00:00+00:00,P1,Nacional,Braga,0.7233618523651394,0.47995542968568644,0.2600253549732081,0.09540561529444958,0.2789573254514206,0.5200445703143135,0.6335901525375209,0.5409605618075527,0.19297767132499186,0.25775259499580394,0.44029286726499767,0.5624794745484402,0.8070223286750081,0.742247405004196,0.2653153153153153,0.420078124881116,,,,,0.5721686316541623,0.6577178684793864,0.8465274817801588,0.8585370575481823,0.09865873015873017,0.25448252904016144
21694,nDWcexf3,2026-02-28 18:15:00+00:00,PL1,GKS Katowice,Gornik Zabrze,0.7223575771468491,0.5312496493286364,0.2807351872772434,0.15987886382623226,0.27622601936956387,0.46875035067136356,0.6341205369227297,0.5387664241273858,0.4392750295460268,0.22936594477874336,0.33456762872497553,0.6650966228686715,0.5607249704539733,0.7706340552212566,0.4522347822658683,0.3582744698173543,,,,,0.6881342205419992,0.6577178684793864,0.8653469707418399,0.849852102503123,0.2796848304966377,0.21140355647448975
4157,8IDqllPb,2026-02-28 18:30:00+00:00,D2,Greuther Furth,Schalke,0.7992582407860542,0.5919841963794165,0.3510880324300428,0.13703264989611594,0.20342970307836028,0.4080158036205836,0.6341205369227297,0.5356363487883057,0.19297767132499186,0.23364602257507147,0.6829359724096565,0.32316903369534944,0.8070223286750081,0.7663539774249285,0.2931167826759474,0.8287234469841834,,,,,0.6504687069203198,0.8072613776175742,0.8627281204570353,0.9021992319416207,0.11826657329598506,0.49691358024691357
22437,n52oJ4eT,2026-02-28 18:30:00+00:00,CH1,Servette,Sion,,,,,,,,,,,,,,,,,,,,,,,,,,
4514,IL6KEFi2,2026-02-28 18:45:00+00:00,I1,Inter,Genoa,0.8296431909003843,0.6000416508690086,0.35986116130239926,0.1332366542110242,0.16937890314433424,0.39995834913099143,0.5228520017993702,0.46753410343396173,0.6029561050041624,0.23057916420775126,0.11957671957671957,0.8802184673152414,0.3970438949958377,0.7694208357922488,0.6808131360072448,0.12397764048249484,,,,,0.7679114781654146,0.6819736200859531,0.86467047080977,0.8208112327406262,0.5037065519098517,0.03184713375796178
19344,reOQRWOj,2026-02-28 18:45:00+00:00,B1,Anderlecht,Leuven,0.8259882765068268,0.7078937912271245,0.4491575350536114,0.2534492389331099,0.17669966735758777,0.29210620877287546,0.639494128274616,0.6261474056150861,0.42427783724799667,0.2262416622295346,0.41609195402298854,0.5702879742924236,0.5759768167737808,0.7737583377704654,0.5105228659173526,0.6019140989729225,,,,,0.7800045792632093,0.9114219114219114,0.8989565123535908,0.8922081369881196,0.25873780761571613,0.32661308775187586
5133,0GKWFVOp,2026-02-28 19:00:00+00:00,SP1,Oviedo,Atl. Madrid,0.7547624043532389,0.5312496493286364,0.29272653568647805,0.14578937010957013,0.2442596896914794,0.46875035067136356,0.6011269562494599,0.5409605618075527,0.3375595676626877,0.26327164498653777,0.3686044694483513,0.6380621972183154,0.6624404323373123,0.7367283550134621,0.3798757027682009,0.4004975307228402,,,,,0.6986850551497928,0.6913842675193811,0.8653469707418399,0.8390583062762329,0.18484287228248583,0.22737084616733028
5531,2qipGwt3,2026-02-28 19:00:00+00:00,SP2,Castellon,Racing Santander,0.6889559611231778,0.45269525025159396,0.11011827678494346,0.07216321324858353,0.3167719890492168,0.5473047497484059,0.6273142574760919,0.46753410343396173,0.5029121863799283,0.23414898641908288,0.19615277474989704,0.8071250579789743,0.49708781362007165,0.765851013580917,0.397631137813744,0.18712708480150342,,,,,0.6927609710237382,0.5453674431156939,0.859609240498164,0.7368974801948607,0.25873780761571613,0.1158037427560748
19054,8n1gx8y1,2026-02-28 19:00:00+00:00,N1,Nijmegen,Sittard,0.8410630334351265,0.55243542273468,0.4375552952525323,0.23790657663734782,0.16162491042928798,0.44756457726532,0.6226429289849449,0.5826668429405559,0.54231933233151,0.25775259499580394,0.20809017994402157,0.7846023225889066,0.4576806676684901,0.742247405004196,0.6451219621025385,0.3582744698173543,,,,,0.77366541882299,0.670289864846031,0.9458620464686346,0.8954047051608027,0.3666864121849775,0.10705917109072731
5902,0lnzDlx1,2026-02-28 19:05:00+00:00,F1,Le Havre,PSG,0.7916270011901426,0.5335652991653932,0.242326338787651,0.1393146781151475,0.2069565953262705,0.46643470083460675,0.6011269562494599,0.36216091954022983,0.11789077212806026,0.21029010483986788,0.7356125356125357,0.24216524216524218,0.8821092278719398,0.7897098951601321,0.041666666666666664,0.7632478632478633,,,,,0.5718379438234744,0.7306874009629915,0.8549327758151879,0.8787488303731955,0.11549954763582876,0.4536211791113752
21029,8UJ5TGig,2026-02-28 20:00:00+00:00,JP1,Okayama,Nagoya Grampus,0.7749633608431118,0.4396334557144233,0.26603204550839915,0.13390995992354382,0.22362023567330133,0.5603665442855765,0.6011269562494599,0.46753410343396173,0.477945594019042,0.23891871569680836,0.25049596791255035,0.7491682836810969,0.5223090600027354,0.7610812843031916,0.4637019640154119,0.33863429277375295,,,,,0.6592652717652717,0.5883678996891322,0.8591197861373283,0.8390259670075005,0.18484287228248583,0.13105486566338392
19584,j1HmCgOG,2026-02-28 20:30:00+00:00,P1,Vitoria Guimaraes,Alverca,0.6808224640426185,0.4737957518842175,0.13745513745513746,0.08906430467509285,0.32149671377394146,0.5262042481157824,0.5956766167225892,0.4789090760610329,0.5134680999371438,0.2438892461593426,0.20988192024777388,0.7824170765022614,0.48653190006285624,0.7561107538406574,0.3945881367162681,0.13086306275253248,,,,,0.6652173265076491,0.583468475109342,0.8487055912106763,0.7835902329730514,0.3137307813458896,0.12552650274157054
21030,trIDRfM5,2026-02-28 22:00:00+00:00,JP1,Kawasaki Frontale,Mito,0.7358990404672507,0.49204078186957906,0.2756506193060774,0.20053826137330713,0.2728878996798887,0.5079592181304209,0.6111514964408807,0.5769712602386333,0.30994874401660527,0.2262416622295346,0.3876201629824818,0.6009021842355176,0.6900512559833949,0.7737583377704654,0.4132856587314227,0.43064125144003457,,,,,0.6753394030025804,0.6876128284766544,0.8732030900162996,0.89308462391805,0.22657426399640235,0.2592542084030797
